CREATE TABLE user (
    id INTEGER PRIMARY KEY,
    firstname TEXT,
    lastname TEXT
);
INSERT INTO user VALUES(1,'Dawna','Pellegren');
INSERT INTO user VALUES(2,'Tama','Courtois');
INSERT INTO user VALUES(3,'Nadene','Otwell');
INSERT INTO user VALUES(4,'Genesis','Wible');
INSERT INTO user VALUES(5,'Lissa','Braatz');
INSERT INTO user VALUES(6,'Vickie','Verde');
INSERT INTO user VALUES(7,'Desmond','Blaisdell');
INSERT INTO user VALUES(8,'Cherrie','Bakken');
INSERT INTO user VALUES(9,'Lynna','Delrosario');
INSERT INTO user VALUES(10,'Morris','Neubert');
INSERT INTO user VALUES(11,'Michel','Sheller');
INSERT INTO user VALUES(12,'Norberto','Baltzell');
INSERT INTO user VALUES(13,'Amal','Lipson');
INSERT INTO user VALUES(14,'Roland','Fillers');
INSERT INTO user VALUES(15,'Maggie','Mccurdy');
INSERT INTO user VALUES(16,'Hong','Ertle');
INSERT INTO user VALUES(17,'Benito','Hubble');
INSERT INTO user VALUES(18,'Goldie','Deatherage');
INSERT INTO user VALUES(19,'Doris','Blakley');
INSERT INTO user VALUES(20,'Reyna','Donegan');
INSERT INTO user VALUES(21,'Shemika','Streets');
INSERT INTO user VALUES(22,'Ana','Ariola');
INSERT INTO user VALUES(23,'Wan','Anker');
INSERT INTO user VALUES(24,'Louella','Baumgart');
INSERT INTO user VALUES(25,'Bong','Gaiter');
INSERT INTO user VALUES(26,'Pa','Funk');
INSERT INTO user VALUES(27,'Sparkle','Pua');
INSERT INTO user VALUES(28,'Latanya','Mans');
INSERT INTO user VALUES(29,'Emery','Rethman');
INSERT INTO user VALUES(30,'Shelley','Tannehill');
INSERT INTO user VALUES(31,'Alvina','Pafford');
INSERT INTO user VALUES(32,'Robert','Keleher');
INSERT INTO user VALUES(33,'Elva','Ciriaco');
INSERT INTO user VALUES(34,'Brian','Mendivil');
INSERT INTO user VALUES(35,'Deirdre','Ekhoff');
INSERT INTO user VALUES(36,'Ivana','Marable');
INSERT INTO user VALUES(37,'Shanel','Rhodus');
INSERT INTO user VALUES(38,'Audra','Adamson');
INSERT INTO user VALUES(39,'Yvette','Cevallos');
INSERT INTO user VALUES(40,'Evita','Loya');
INSERT INTO user VALUES(41,'Sherril','Lybarger');
INSERT INTO user VALUES(42,'Lisandra','Debolt');
INSERT INTO user VALUES(43,'Lorraine','Brunson');
INSERT INTO user VALUES(44,'Nicola','Gabaldon');
INSERT INTO user VALUES(45,'Melva','Fore');
INSERT INTO user VALUES(46,'Cathy','Sapien');
INSERT INTO user VALUES(47,'Francene','Hegarty');
INSERT INTO user VALUES(48,'Katina','Bevans');
INSERT INTO user VALUES(49,'Dolores','Starnes');
INSERT INTO user VALUES(50,'Faye','Stang');
INSERT INTO user VALUES(51,'Roseanne','Ruppel');
INSERT INTO user VALUES(52,'Shila','Bookman');
INSERT INTO user VALUES(53,'Sasha','Dunworth');
INSERT INTO user VALUES(54,'Tamela','Weintraub');
INSERT INTO user VALUES(55,'Christian','Catania');
INSERT INTO user VALUES(56,'Fredrick','Jara');
INSERT INTO user VALUES(57,'Evangeline','Glaude');
INSERT INTO user VALUES(58,'Jeri','Tittle');
INSERT INTO user VALUES(59,'Londa','Goettl');
INSERT INTO user VALUES(60,'Vida','Spino');
INSERT INTO user VALUES(61,'Yesenia','Eckhoff');
INSERT INTO user VALUES(62,'Anette','Donnell');
INSERT INTO user VALUES(63,'Thad','Lacefield');
INSERT INTO user VALUES(64,'Nakisha','George');
INSERT INTO user VALUES(65,'Sima','Boettcher');
INSERT INTO user VALUES(66,'Heather','Pines');
INSERT INTO user VALUES(67,'Elli','Chase');
INSERT INTO user VALUES(68,'Pinkie','Tillinghast');
INSERT INTO user VALUES(69,'Kazuko','Sharlow');
INSERT INTO user VALUES(70,'Sharri','Jelinek');
INSERT INTO user VALUES(71,'Felicidad','Batson');
INSERT INTO user VALUES(72,'Laquita','Degeorge');
INSERT INTO user VALUES(73,'Stephany','Derksen');
INSERT INTO user VALUES(74,'Sharice','Dickerman');
INSERT INTO user VALUES(75,'Teri','Barney');
INSERT INTO user VALUES(76,'Marlena','Cowden');
INSERT INTO user VALUES(77,'Delsie','Azure');
INSERT INTO user VALUES(78,'Doria','Casady');
INSERT INTO user VALUES(79,'Abigail','Loo');
INSERT INTO user VALUES(80,'Mariam','Stickland');
INSERT INTO user VALUES(81,'Joann','Serafino');
INSERT INTO user VALUES(82,'Karlyn','Hallford');
INSERT INTO user VALUES(83,'Andreas','Dobson');
INSERT INTO user VALUES(84,'Frida','Simone');
INSERT INTO user VALUES(85,'Jeannette','Badeaux');
INSERT INTO user VALUES(86,'Serena','Stockard');
INSERT INTO user VALUES(87,'Dolores','Garlitz');
INSERT INTO user VALUES(88,'Sierra','Lipton');
INSERT INTO user VALUES(89,'Dawne','Youngblood');
INSERT INTO user VALUES(90,'Lyman','Deaner');
INSERT INTO user VALUES(91,'Tilda','Wyrick');
INSERT INTO user VALUES(92,'Kaitlyn','Poblete');
INSERT INTO user VALUES(93,'Ardis','Sharif');
INSERT INTO user VALUES(94,'Tanika','Olivarez');
INSERT INTO user VALUES(95,'Carson','Machado');
INSERT INTO user VALUES(96,'Harvey','Moncrief');
INSERT INTO user VALUES(97,'Shirly','Conners');
INSERT INTO user VALUES(98,'Lacresha','Dunne');
INSERT INTO user VALUES(99,'Elenore','Varley');
INSERT INTO user VALUES(100,'Gudrun','Ashe');
CREATE TABLE login_history (
    id INTEGER PRIMARY KEY,
    user_id INTEGER,
    login_timestamp INTEGER
);
INSERT INTO login_history VALUES(1,36,1517667588);
INSERT INTO login_history VALUES(2,6,1517828610);
INSERT INTO login_history VALUES(3,85,1518062400);
INSERT INTO login_history VALUES(4,12,1518175184);
INSERT INTO login_history VALUES(5,6,1518344617);
INSERT INTO login_history VALUES(6,54,1518391293);
INSERT INTO login_history VALUES(7,6,1518445736);
INSERT INTO login_history VALUES(8,36,1518478546);
INSERT INTO login_history VALUES(9,80,1518613028);
INSERT INTO login_history VALUES(10,92,1518679436);
INSERT INTO login_history VALUES(11,12,1518853694);
INSERT INTO login_history VALUES(12,6,1518981764);
INSERT INTO login_history VALUES(13,36,1519053289);
INSERT INTO login_history VALUES(14,36,1519070237);
INSERT INTO login_history VALUES(15,6,1519073133);
INSERT INTO login_history VALUES(16,80,1519186294);
INSERT INTO login_history VALUES(17,6,1519262581);
INSERT INTO login_history VALUES(18,71,1519266744);
INSERT INTO login_history VALUES(19,65,1519292435);
INSERT INTO login_history VALUES(20,92,1519316301);
INSERT INTO login_history VALUES(21,6,1519375414);
INSERT INTO login_history VALUES(22,6,1519395342);
INSERT INTO login_history VALUES(23,54,1519473525);
INSERT INTO login_history VALUES(24,54,1519502906);
INSERT INTO login_history VALUES(25,79,1519629137);
INSERT INTO login_history VALUES(26,36,1519649166);
INSERT INTO login_history VALUES(27,6,1519674535);
INSERT INTO login_history VALUES(28,36,1519688743);
INSERT INTO login_history VALUES(29,12,1519742330);
INSERT INTO login_history VALUES(30,36,1519805483);
INSERT INTO login_history VALUES(31,80,1519831557);
INSERT INTO login_history VALUES(32,6,1519845314);
INSERT INTO login_history VALUES(33,36,1519848217);
INSERT INTO login_history VALUES(34,60,1519870582);
INSERT INTO login_history VALUES(35,6,1519892882);
INSERT INTO login_history VALUES(36,12,1519897735);
INSERT INTO login_history VALUES(37,65,1519903467);
INSERT INTO login_history VALUES(38,92,1519920035);
INSERT INTO login_history VALUES(39,6,1519945380);
INSERT INTO login_history VALUES(40,92,1519953035);
INSERT INTO login_history VALUES(41,36,1519996019);
INSERT INTO login_history VALUES(42,65,1519996052);
INSERT INTO login_history VALUES(43,92,1519996395);
INSERT INTO login_history VALUES(44,65,1520041659);
INSERT INTO login_history VALUES(45,92,1520089691);
INSERT INTO login_history VALUES(46,40,1520152315);
INSERT INTO login_history VALUES(47,92,1520202389);
INSERT INTO login_history VALUES(48,92,1520211807);
INSERT INTO login_history VALUES(49,71,1520230382);
INSERT INTO login_history VALUES(50,84,1520233203);
INSERT INTO login_history VALUES(51,92,1520234908);
INSERT INTO login_history VALUES(52,6,1520257292);
INSERT INTO login_history VALUES(53,92,1520272987);
INSERT INTO login_history VALUES(54,71,1520307678);
INSERT INTO login_history VALUES(55,36,1520365683);
INSERT INTO login_history VALUES(56,65,1520367673);
INSERT INTO login_history VALUES(57,92,1520406875);
INSERT INTO login_history VALUES(58,12,1520445467);
INSERT INTO login_history VALUES(59,65,1520506099);
INSERT INTO login_history VALUES(60,36,1520519614);
INSERT INTO login_history VALUES(61,12,1520554008);
INSERT INTO login_history VALUES(62,79,1520554344);
INSERT INTO login_history VALUES(63,12,1520561413);
INSERT INTO login_history VALUES(64,92,1520564982);
INSERT INTO login_history VALUES(65,36,1520578143);
INSERT INTO login_history VALUES(66,92,1520586197);
INSERT INTO login_history VALUES(67,65,1520598274);
INSERT INTO login_history VALUES(68,65,1520622485);
INSERT INTO login_history VALUES(69,6,1520668455);
INSERT INTO login_history VALUES(70,92,1520695081);
INSERT INTO login_history VALUES(71,40,1520715356);
INSERT INTO login_history VALUES(72,54,1520769217);
INSERT INTO login_history VALUES(73,84,1520776914);
INSERT INTO login_history VALUES(74,12,1520780755);
INSERT INTO login_history VALUES(75,84,1520852587);
INSERT INTO login_history VALUES(76,79,1520889934);
INSERT INTO login_history VALUES(77,60,1520891009);
INSERT INTO login_history VALUES(78,92,1520911633);
INSERT INTO login_history VALUES(79,54,1520923388);
INSERT INTO login_history VALUES(80,36,1520926809);
INSERT INTO login_history VALUES(81,92,1520961994);
INSERT INTO login_history VALUES(82,14,1521009662);
INSERT INTO login_history VALUES(83,36,1521010370);
INSERT INTO login_history VALUES(84,40,1521010429);
INSERT INTO login_history VALUES(85,60,1521015386);
INSERT INTO login_history VALUES(86,65,1521020336);
INSERT INTO login_history VALUES(87,12,1521094805);
INSERT INTO login_history VALUES(88,60,1521096916);
INSERT INTO login_history VALUES(89,6,1521106841);
INSERT INTO login_history VALUES(90,92,1521108202);
INSERT INTO login_history VALUES(91,80,1521132423);
INSERT INTO login_history VALUES(92,92,1521176499);
INSERT INTO login_history VALUES(93,51,1521201262);
INSERT INTO login_history VALUES(94,92,1521253040);
INSERT INTO login_history VALUES(95,40,1521264649);
INSERT INTO login_history VALUES(96,84,1521276497);
INSERT INTO login_history VALUES(97,79,1521296665);
INSERT INTO login_history VALUES(98,71,1521301204);
INSERT INTO login_history VALUES(99,12,1521324106);
INSERT INTO login_history VALUES(100,65,1521327478);
INSERT INTO login_history VALUES(101,65,1521341202);
INSERT INTO login_history VALUES(102,13,1521354701);
INSERT INTO login_history VALUES(103,60,1521356969);
INSERT INTO login_history VALUES(104,92,1521396253);
INSERT INTO login_history VALUES(105,92,1521444084);
INSERT INTO login_history VALUES(106,60,1521467987);
INSERT INTO login_history VALUES(107,80,1521495986);
INSERT INTO login_history VALUES(108,84,1521499313);
INSERT INTO login_history VALUES(109,65,1521500571);
INSERT INTO login_history VALUES(110,67,1521500699);
INSERT INTO login_history VALUES(111,92,1521504905);
INSERT INTO login_history VALUES(112,36,1521512340);
INSERT INTO login_history VALUES(113,92,1521512625);
INSERT INTO login_history VALUES(114,84,1521548625);
INSERT INTO login_history VALUES(115,92,1521577074);
INSERT INTO login_history VALUES(116,92,1521584764);
INSERT INTO login_history VALUES(117,40,1521605039);
INSERT INTO login_history VALUES(118,12,1521607966);
INSERT INTO login_history VALUES(119,65,1521612766);
INSERT INTO login_history VALUES(120,36,1521620914);
INSERT INTO login_history VALUES(121,54,1521620977);
INSERT INTO login_history VALUES(122,71,1521632608);
INSERT INTO login_history VALUES(123,40,1521663121);
INSERT INTO login_history VALUES(124,79,1521680076);
INSERT INTO login_history VALUES(125,79,1521729910);
INSERT INTO login_history VALUES(126,65,1521765103);
INSERT INTO login_history VALUES(127,92,1521776434);
INSERT INTO login_history VALUES(128,92,1521802335);
INSERT INTO login_history VALUES(129,79,1521822005);
INSERT INTO login_history VALUES(130,92,1521855832);
INSERT INTO login_history VALUES(131,14,1521868753);
INSERT INTO login_history VALUES(132,51,1521875821);
INSERT INTO login_history VALUES(133,36,1521879201);
INSERT INTO login_history VALUES(134,14,1521883579);
INSERT INTO login_history VALUES(135,71,1521887301);
INSERT INTO login_history VALUES(136,71,1521899597);
INSERT INTO login_history VALUES(137,65,1521909995);
INSERT INTO login_history VALUES(138,92,1521927143);
INSERT INTO login_history VALUES(139,14,1521934244);
INSERT INTO login_history VALUES(140,92,1521959157);
INSERT INTO login_history VALUES(141,12,1521969793);
INSERT INTO login_history VALUES(142,6,1522049437);
INSERT INTO login_history VALUES(143,92,1522142028);
INSERT INTO login_history VALUES(144,60,1522158482);
INSERT INTO login_history VALUES(145,80,1522164915);
INSERT INTO login_history VALUES(146,79,1522223552);
INSERT INTO login_history VALUES(147,12,1522256474);
INSERT INTO login_history VALUES(148,80,1522262350);
INSERT INTO login_history VALUES(149,36,1522275613);
INSERT INTO login_history VALUES(150,65,1522289030);
INSERT INTO login_history VALUES(151,71,1522307029);
INSERT INTO login_history VALUES(152,54,1522345102);
INSERT INTO login_history VALUES(153,40,1522362175);
INSERT INTO login_history VALUES(154,92,1522371274);
INSERT INTO login_history VALUES(155,14,1522443353);
INSERT INTO login_history VALUES(156,14,1522469738);
INSERT INTO login_history VALUES(157,67,1522490495);
INSERT INTO login_history VALUES(158,14,1522528487);
INSERT INTO login_history VALUES(159,14,1522529083);
INSERT INTO login_history VALUES(160,84,1522538949);
INSERT INTO login_history VALUES(161,51,1522563677);
INSERT INTO login_history VALUES(162,60,1522611660);
INSERT INTO login_history VALUES(163,51,1522613711);
INSERT INTO login_history VALUES(164,36,1522703747);
INSERT INTO login_history VALUES(165,71,1522714390);
INSERT INTO login_history VALUES(166,92,1522733008);
INSERT INTO login_history VALUES(167,65,1522776318);
INSERT INTO login_history VALUES(168,80,1522799751);
INSERT INTO login_history VALUES(169,14,1522801090);
INSERT INTO login_history VALUES(170,35,1522804458);
INSERT INTO login_history VALUES(171,79,1522835739);
INSERT INTO login_history VALUES(172,92,1522883217);
INSERT INTO login_history VALUES(173,49,1522898194);
INSERT INTO login_history VALUES(174,51,1522915686);
INSERT INTO login_history VALUES(175,65,1522917376);
INSERT INTO login_history VALUES(176,92,1522932953);
INSERT INTO login_history VALUES(177,92,1522945260);
INSERT INTO login_history VALUES(178,92,1522962431);
INSERT INTO login_history VALUES(179,65,1523010615);
INSERT INTO login_history VALUES(180,79,1523076879);
INSERT INTO login_history VALUES(181,14,1523078596);
INSERT INTO login_history VALUES(182,60,1523083508);
INSERT INTO login_history VALUES(183,67,1523126826);
INSERT INTO login_history VALUES(184,84,1523134798);
INSERT INTO login_history VALUES(185,67,1523161675);
INSERT INTO login_history VALUES(186,67,1523177922);
INSERT INTO login_history VALUES(187,51,1523196906);
INSERT INTO login_history VALUES(188,67,1523198282);
INSERT INTO login_history VALUES(189,80,1523237577);
INSERT INTO login_history VALUES(190,67,1523267085);
INSERT INTO login_history VALUES(191,14,1523401174);
INSERT INTO login_history VALUES(192,34,1523502248);
INSERT INTO login_history VALUES(193,49,1523520463);
INSERT INTO login_history VALUES(194,49,1523566748);
INSERT INTO login_history VALUES(195,51,1523630232);
INSERT INTO login_history VALUES(196,35,1523657748);
INSERT INTO login_history VALUES(197,67,1523684549);
INSERT INTO login_history VALUES(198,92,1523698176);
INSERT INTO login_history VALUES(199,65,1523731026);
INSERT INTO login_history VALUES(200,14,1523731311);
INSERT INTO login_history VALUES(201,51,1523750093);
INSERT INTO login_history VALUES(202,67,1523762855);
INSERT INTO login_history VALUES(203,71,1523804419);
INSERT INTO login_history VALUES(204,14,1523805617);
INSERT INTO login_history VALUES(205,36,1523820757);
INSERT INTO login_history VALUES(206,80,1523837396);
INSERT INTO login_history VALUES(207,67,1523890788);
INSERT INTO login_history VALUES(208,67,1523895320);
INSERT INTO login_history VALUES(209,14,1523905972);
INSERT INTO login_history VALUES(210,71,1523907888);
INSERT INTO login_history VALUES(211,67,1523985813);
INSERT INTO login_history VALUES(212,84,1523986140);
INSERT INTO login_history VALUES(213,67,1524014576);
INSERT INTO login_history VALUES(214,67,1524042180);
INSERT INTO login_history VALUES(215,3,1524048911);
INSERT INTO login_history VALUES(216,67,1524076075);
INSERT INTO login_history VALUES(217,51,1524104549);
INSERT INTO login_history VALUES(218,35,1524117258);
INSERT INTO login_history VALUES(219,49,1524131193);
INSERT INTO login_history VALUES(220,51,1524225424);
INSERT INTO login_history VALUES(221,67,1524226059);
INSERT INTO login_history VALUES(222,14,1524254724);
INSERT INTO login_history VALUES(223,51,1524263366);
INSERT INTO login_history VALUES(224,35,1524303181);
INSERT INTO login_history VALUES(225,67,1524310669);
INSERT INTO login_history VALUES(226,60,1524324563);
INSERT INTO login_history VALUES(227,67,1524325245);
INSERT INTO login_history VALUES(228,35,1524411560);
INSERT INTO login_history VALUES(229,35,1524434543);
INSERT INTO login_history VALUES(230,79,1524456907);
INSERT INTO login_history VALUES(231,10,1524463378);
INSERT INTO login_history VALUES(232,34,1524468843);
INSERT INTO login_history VALUES(233,14,1524481895);
INSERT INTO login_history VALUES(234,67,1524482579);
INSERT INTO login_history VALUES(235,79,1524507269);
INSERT INTO login_history VALUES(236,67,1524558259);
INSERT INTO login_history VALUES(237,48,1524561391);
INSERT INTO login_history VALUES(238,35,1524570093);
INSERT INTO login_history VALUES(239,14,1524632475);
INSERT INTO login_history VALUES(240,62,1524638310);
INSERT INTO login_history VALUES(241,49,1524676385);
INSERT INTO login_history VALUES(242,67,1524689653);
INSERT INTO login_history VALUES(243,67,1524709427);
INSERT INTO login_history VALUES(244,84,1524732615);
INSERT INTO login_history VALUES(245,67,1524769484);
INSERT INTO login_history VALUES(246,45,1524776878);
INSERT INTO login_history VALUES(247,35,1524788396);
INSERT INTO login_history VALUES(248,3,1524829551);
INSERT INTO login_history VALUES(249,67,1524835234);
INSERT INTO login_history VALUES(250,67,1524914995);
INSERT INTO login_history VALUES(251,3,1524915575);
INSERT INTO login_history VALUES(252,71,1524918492);
INSERT INTO login_history VALUES(253,34,1524927876);
INSERT INTO login_history VALUES(254,71,1524991828);
INSERT INTO login_history VALUES(255,28,1525021075);
INSERT INTO login_history VALUES(256,34,1525025424);
INSERT INTO login_history VALUES(257,67,1525030130);
INSERT INTO login_history VALUES(258,35,1525036136);
INSERT INTO login_history VALUES(259,48,1525051843);
INSERT INTO login_history VALUES(260,34,1525069364);
INSERT INTO login_history VALUES(261,48,1525094784);
INSERT INTO login_history VALUES(262,49,1525101530);
INSERT INTO login_history VALUES(263,48,1525106375);
INSERT INTO login_history VALUES(264,35,1525157804);
INSERT INTO login_history VALUES(265,10,1525178337);
INSERT INTO login_history VALUES(266,48,1525214099);
INSERT INTO login_history VALUES(267,79,1525218201);
INSERT INTO login_history VALUES(268,34,1525245124);
INSERT INTO login_history VALUES(269,62,1525255571);
INSERT INTO login_history VALUES(270,35,1525263189);
INSERT INTO login_history VALUES(271,67,1525279701);
INSERT INTO login_history VALUES(272,35,1525302335);
INSERT INTO login_history VALUES(273,67,1525329532);
INSERT INTO login_history VALUES(274,34,1525360196);
INSERT INTO login_history VALUES(275,67,1525379376);
INSERT INTO login_history VALUES(276,35,1525381946);
INSERT INTO login_history VALUES(277,79,1525385988);
INSERT INTO login_history VALUES(278,71,1525400026);
INSERT INTO login_history VALUES(279,35,1525427245);
INSERT INTO login_history VALUES(280,76,1525443826);
INSERT INTO login_history VALUES(281,34,1525487609);
INSERT INTO login_history VALUES(282,62,1525505385);
INSERT INTO login_history VALUES(283,3,1525519899);
INSERT INTO login_history VALUES(284,34,1525539044);
INSERT INTO login_history VALUES(285,79,1525612119);
INSERT INTO login_history VALUES(286,67,1525619124);
INSERT INTO login_history VALUES(287,34,1525645946);
INSERT INTO login_history VALUES(288,10,1525649318);
INSERT INTO login_history VALUES(289,35,1525656636);
INSERT INTO login_history VALUES(290,35,1525688762);
INSERT INTO login_history VALUES(291,45,1525742877);
INSERT INTO login_history VALUES(292,67,1525750438);
INSERT INTO login_history VALUES(293,67,1525758811);
INSERT INTO login_history VALUES(294,52,1525761025);
INSERT INTO login_history VALUES(295,67,1525776342);
INSERT INTO login_history VALUES(296,62,1525806833);
INSERT INTO login_history VALUES(297,67,1525816068);
INSERT INTO login_history VALUES(298,62,1525821887);
INSERT INTO login_history VALUES(299,34,1525830811);
INSERT INTO login_history VALUES(300,67,1525843213);
INSERT INTO login_history VALUES(301,79,1525860757);
INSERT INTO login_history VALUES(302,34,1525871795);
INSERT INTO login_history VALUES(303,48,1525889249);
INSERT INTO login_history VALUES(304,67,1525904262);
INSERT INTO login_history VALUES(305,48,1525908818);
INSERT INTO login_history VALUES(306,67,1525926831);
INSERT INTO login_history VALUES(307,14,1525944539);
INSERT INTO login_history VALUES(308,67,1525952906);
INSERT INTO login_history VALUES(309,34,1525973052);
INSERT INTO login_history VALUES(310,48,1525986392);
INSERT INTO login_history VALUES(311,34,1525988024);
INSERT INTO login_history VALUES(312,45,1525999227);
INSERT INTO login_history VALUES(313,86,1526003367);
INSERT INTO login_history VALUES(314,35,1526010923);
INSERT INTO login_history VALUES(315,48,1526015530);
INSERT INTO login_history VALUES(316,34,1526032754);
INSERT INTO login_history VALUES(317,28,1526051249);
INSERT INTO login_history VALUES(318,35,1526057829);
INSERT INTO login_history VALUES(319,28,1526093619);
INSERT INTO login_history VALUES(320,10,1526132548);
INSERT INTO login_history VALUES(321,34,1526132565);
INSERT INTO login_history VALUES(322,35,1526145886);
INSERT INTO login_history VALUES(323,34,1526156781);
INSERT INTO login_history VALUES(324,35,1526171763);
INSERT INTO login_history VALUES(325,62,1526173531);
INSERT INTO login_history VALUES(326,48,1526184376);
INSERT INTO login_history VALUES(327,76,1526186718);
INSERT INTO login_history VALUES(328,34,1526198564);
INSERT INTO login_history VALUES(329,34,1526202775);
INSERT INTO login_history VALUES(330,34,1526204508);
INSERT INTO login_history VALUES(331,35,1526207441);
INSERT INTO login_history VALUES(332,62,1526208889);
INSERT INTO login_history VALUES(333,35,1526223252);
INSERT INTO login_history VALUES(334,35,1526224538);
INSERT INTO login_history VALUES(335,67,1526237863);
INSERT INTO login_history VALUES(336,62,1526267222);
INSERT INTO login_history VALUES(337,3,1526282980);
INSERT INTO login_history VALUES(338,35,1526299370);
INSERT INTO login_history VALUES(339,34,1526310306);
INSERT INTO login_history VALUES(340,67,1526311770);
INSERT INTO login_history VALUES(341,35,1526313989);
INSERT INTO login_history VALUES(342,52,1526319833);
INSERT INTO login_history VALUES(343,79,1526321225);
INSERT INTO login_history VALUES(344,52,1526322291);
INSERT INTO login_history VALUES(345,28,1526325293);
INSERT INTO login_history VALUES(346,48,1526351340);
INSERT INTO login_history VALUES(347,48,1526352676);
INSERT INTO login_history VALUES(348,3,1526358617);
INSERT INTO login_history VALUES(349,34,1526361736);
INSERT INTO login_history VALUES(350,67,1526366639);
INSERT INTO login_history VALUES(351,34,1526368035);
INSERT INTO login_history VALUES(352,3,1526373020);
INSERT INTO login_history VALUES(353,62,1526400073);
INSERT INTO login_history VALUES(354,34,1526434528);
INSERT INTO login_history VALUES(355,34,1526439173);
INSERT INTO login_history VALUES(356,28,1526439748);
INSERT INTO login_history VALUES(357,79,1526457953);
INSERT INTO login_history VALUES(358,86,1526475811);
INSERT INTO login_history VALUES(359,90,1526491541);
INSERT INTO login_history VALUES(360,67,1526510868);
INSERT INTO login_history VALUES(361,30,1526514111);
INSERT INTO login_history VALUES(362,3,1526518288);
INSERT INTO login_history VALUES(363,67,1526535885);
INSERT INTO login_history VALUES(364,79,1526537344);
INSERT INTO login_history VALUES(365,34,1526540579);
INSERT INTO login_history VALUES(366,48,1526552391);
INSERT INTO login_history VALUES(367,28,1526553071);
INSERT INTO login_history VALUES(368,28,1526567980);
INSERT INTO login_history VALUES(369,62,1526577444);
INSERT INTO login_history VALUES(370,67,1526587957);
INSERT INTO login_history VALUES(371,3,1526613469);
INSERT INTO login_history VALUES(372,48,1526620502);
INSERT INTO login_history VALUES(373,86,1526644300);
INSERT INTO login_history VALUES(374,34,1526669184);
INSERT INTO login_history VALUES(375,76,1526673282);
INSERT INTO login_history VALUES(376,52,1526692205);
INSERT INTO login_history VALUES(377,71,1526693380);
INSERT INTO login_history VALUES(378,48,1526697784);
INSERT INTO login_history VALUES(379,79,1526706113);
INSERT INTO login_history VALUES(380,34,1526713101);
INSERT INTO login_history VALUES(381,11,1526715037);
INSERT INTO login_history VALUES(382,62,1526715129);
INSERT INTO login_history VALUES(383,3,1526735637);
INSERT INTO login_history VALUES(384,35,1526745041);
INSERT INTO login_history VALUES(385,48,1526748301);
INSERT INTO login_history VALUES(386,52,1526769399);
INSERT INTO login_history VALUES(387,79,1526780111);
INSERT INTO login_history VALUES(388,76,1526787341);
INSERT INTO login_history VALUES(389,52,1526805589);
INSERT INTO login_history VALUES(390,10,1526824750);
INSERT INTO login_history VALUES(391,34,1526832601);
INSERT INTO login_history VALUES(392,34,1526848500);
INSERT INTO login_history VALUES(393,35,1526853005);
INSERT INTO login_history VALUES(394,48,1526862179);
INSERT INTO login_history VALUES(395,10,1526869791);
INSERT INTO login_history VALUES(396,67,1526883252);
INSERT INTO login_history VALUES(397,86,1526884198);
INSERT INTO login_history VALUES(398,79,1526907517);
INSERT INTO login_history VALUES(399,79,1526908824);
INSERT INTO login_history VALUES(400,34,1526939501);
INSERT INTO login_history VALUES(401,67,1526941900);
INSERT INTO login_history VALUES(402,98,1526945426);
INSERT INTO login_history VALUES(403,30,1526955679);
INSERT INTO login_history VALUES(404,67,1526965221);
INSERT INTO login_history VALUES(405,31,1526975389);
INSERT INTO login_history VALUES(406,34,1526981653);
INSERT INTO login_history VALUES(407,61,1526991999);
INSERT INTO login_history VALUES(408,52,1527002612);
INSERT INTO login_history VALUES(409,10,1527018081);
INSERT INTO login_history VALUES(410,27,1527035315);
INSERT INTO login_history VALUES(411,28,1527035759);
INSERT INTO login_history VALUES(412,48,1527038932);
INSERT INTO login_history VALUES(413,3,1527044719);
INSERT INTO login_history VALUES(414,35,1527055989);
INSERT INTO login_history VALUES(415,50,1527073734);
INSERT INTO login_history VALUES(416,48,1527073747);
INSERT INTO login_history VALUES(417,95,1527075663);
INSERT INTO login_history VALUES(418,48,1527089597);
INSERT INTO login_history VALUES(419,48,1527100753);
INSERT INTO login_history VALUES(420,28,1527108164);
INSERT INTO login_history VALUES(421,90,1527108412);
INSERT INTO login_history VALUES(422,67,1527137477);
INSERT INTO login_history VALUES(423,35,1527192962);
INSERT INTO login_history VALUES(424,86,1527194399);
INSERT INTO login_history VALUES(425,48,1527206467);
INSERT INTO login_history VALUES(426,48,1527230942);
INSERT INTO login_history VALUES(427,11,1527253126);
INSERT INTO login_history VALUES(428,35,1527254359);
INSERT INTO login_history VALUES(429,67,1527255313);
INSERT INTO login_history VALUES(430,34,1527267374);
INSERT INTO login_history VALUES(431,28,1527270666);
INSERT INTO login_history VALUES(432,28,1527271945);
INSERT INTO login_history VALUES(433,34,1527339538);
INSERT INTO login_history VALUES(434,67,1527345637);
INSERT INTO login_history VALUES(435,48,1527381629);
INSERT INTO login_history VALUES(436,79,1527386587);
INSERT INTO login_history VALUES(437,86,1527390730);
INSERT INTO login_history VALUES(438,35,1527404544);
INSERT INTO login_history VALUES(439,52,1527410995);
INSERT INTO login_history VALUES(440,67,1527411276);
INSERT INTO login_history VALUES(441,98,1527413909);
INSERT INTO login_history VALUES(442,48,1527421463);
INSERT INTO login_history VALUES(443,52,1527437158);
INSERT INTO login_history VALUES(444,28,1527442218);
INSERT INTO login_history VALUES(445,11,1527443807);
INSERT INTO login_history VALUES(446,3,1527447867);
INSERT INTO login_history VALUES(447,34,1527473970);
INSERT INTO login_history VALUES(448,48,1527481852);
INSERT INTO login_history VALUES(449,10,1527482868);
INSERT INTO login_history VALUES(450,27,1527487294);
INSERT INTO login_history VALUES(451,48,1527492011);
INSERT INTO login_history VALUES(452,48,1527512110);
INSERT INTO login_history VALUES(453,86,1527516925);
INSERT INTO login_history VALUES(454,90,1527517472);
INSERT INTO login_history VALUES(455,48,1527536013);
INSERT INTO login_history VALUES(456,28,1527540175);
INSERT INTO login_history VALUES(457,48,1527541948);
INSERT INTO login_history VALUES(458,11,1527569115);
INSERT INTO login_history VALUES(459,48,1527603823);
INSERT INTO login_history VALUES(460,67,1527604064);
INSERT INTO login_history VALUES(461,52,1527608678);
INSERT INTO login_history VALUES(462,62,1527627057);
INSERT INTO login_history VALUES(463,79,1527632613);
INSERT INTO login_history VALUES(464,61,1527636063);
INSERT INTO login_history VALUES(465,14,1527657910);
INSERT INTO login_history VALUES(466,52,1527661797);
INSERT INTO login_history VALUES(467,28,1527666997);
INSERT INTO login_history VALUES(468,67,1527700564);
INSERT INTO login_history VALUES(469,86,1527703694);
INSERT INTO login_history VALUES(470,67,1527709453);
INSERT INTO login_history VALUES(471,34,1527717674);
INSERT INTO login_history VALUES(472,52,1527730159);
INSERT INTO login_history VALUES(473,3,1527732222);
INSERT INTO login_history VALUES(474,31,1527736935);
INSERT INTO login_history VALUES(475,95,1527737778);
INSERT INTO login_history VALUES(476,3,1527740430);
INSERT INTO login_history VALUES(477,30,1527769367);
INSERT INTO login_history VALUES(478,34,1527769941);
INSERT INTO login_history VALUES(479,48,1527783218);
INSERT INTO login_history VALUES(480,76,1527792703);
INSERT INTO login_history VALUES(481,79,1527807709);
INSERT INTO login_history VALUES(482,61,1527819054);
INSERT INTO login_history VALUES(483,27,1527842506);
INSERT INTO login_history VALUES(484,35,1527847856);
INSERT INTO login_history VALUES(485,50,1527867321);
INSERT INTO login_history VALUES(486,67,1527869366);
INSERT INTO login_history VALUES(487,30,1527887619);
INSERT INTO login_history VALUES(488,95,1527887792);
INSERT INTO login_history VALUES(489,48,1527898041);
INSERT INTO login_history VALUES(490,11,1527900644);
INSERT INTO login_history VALUES(491,3,1527903264);
INSERT INTO login_history VALUES(492,50,1527903451);
INSERT INTO login_history VALUES(493,52,1527916113);
INSERT INTO login_history VALUES(494,31,1527948814);
INSERT INTO login_history VALUES(495,34,1527955226);
INSERT INTO login_history VALUES(496,63,1527963563);
INSERT INTO login_history VALUES(497,95,1527975383);
INSERT INTO login_history VALUES(498,28,1527978965);
INSERT INTO login_history VALUES(499,3,1527979100);
INSERT INTO login_history VALUES(500,39,1527996294);
INSERT INTO login_history VALUES(501,61,1527997575);
INSERT INTO login_history VALUES(502,10,1527998436);
INSERT INTO login_history VALUES(503,28,1527998870);
INSERT INTO login_history VALUES(504,87,1528003296);
INSERT INTO login_history VALUES(505,34,1528028140);
INSERT INTO login_history VALUES(506,87,1528028605);
INSERT INTO login_history VALUES(507,53,1528040396);
INSERT INTO login_history VALUES(508,27,1528043846);
INSERT INTO login_history VALUES(509,52,1528049440);
INSERT INTO login_history VALUES(510,11,1528051297);
INSERT INTO login_history VALUES(511,47,1528060170);
INSERT INTO login_history VALUES(512,8,1528063483);
INSERT INTO login_history VALUES(513,70,1528065275);
INSERT INTO login_history VALUES(514,79,1528066689);
INSERT INTO login_history VALUES(515,86,1528071097);
INSERT INTO login_history VALUES(516,98,1528086621);
INSERT INTO login_history VALUES(517,89,1528095646);
INSERT INTO login_history VALUES(518,50,1528100482);
INSERT INTO login_history VALUES(519,98,1528107753);
INSERT INTO login_history VALUES(520,35,1528113357);
INSERT INTO login_history VALUES(521,27,1528114927);
INSERT INTO login_history VALUES(522,64,1528125197);
INSERT INTO login_history VALUES(523,48,1528133521);
INSERT INTO login_history VALUES(524,27,1528135144);
INSERT INTO login_history VALUES(525,63,1528148226);
INSERT INTO login_history VALUES(526,34,1528152953);
INSERT INTO login_history VALUES(527,48,1528156088);
INSERT INTO login_history VALUES(528,28,1528161580);
INSERT INTO login_history VALUES(529,23,1528167705);
INSERT INTO login_history VALUES(530,11,1528174953);
INSERT INTO login_history VALUES(531,73,1528179337);
INSERT INTO login_history VALUES(532,28,1528180728);
INSERT INTO login_history VALUES(533,30,1528187449);
INSERT INTO login_history VALUES(534,88,1528193511);
INSERT INTO login_history VALUES(535,27,1528195114);
INSERT INTO login_history VALUES(536,40,1528207593);
INSERT INTO login_history VALUES(537,23,1528221350);
INSERT INTO login_history VALUES(538,8,1528223236);
INSERT INTO login_history VALUES(539,54,1528223625);
INSERT INTO login_history VALUES(540,67,1528228610);
INSERT INTO login_history VALUES(541,73,1528240169);
INSERT INTO login_history VALUES(542,95,1528244072);
INSERT INTO login_history VALUES(543,11,1528253833);
INSERT INTO login_history VALUES(544,52,1528256269);
INSERT INTO login_history VALUES(545,34,1528258264);
INSERT INTO login_history VALUES(546,11,1528258626);
INSERT INTO login_history VALUES(547,67,1528259176);
INSERT INTO login_history VALUES(548,63,1528260089);
INSERT INTO login_history VALUES(549,99,1528262586);
INSERT INTO login_history VALUES(550,27,1528264018);
INSERT INTO login_history VALUES(551,61,1528264697);
INSERT INTO login_history VALUES(552,52,1528266826);
INSERT INTO login_history VALUES(553,47,1528276835);
INSERT INTO login_history VALUES(554,48,1528282352);
INSERT INTO login_history VALUES(555,33,1528296204);
INSERT INTO login_history VALUES(556,86,1528297235);
INSERT INTO login_history VALUES(557,48,1528302536);
INSERT INTO login_history VALUES(558,34,1528307097);
INSERT INTO login_history VALUES(559,34,1528310597);
INSERT INTO login_history VALUES(560,48,1528314061);
INSERT INTO login_history VALUES(561,10,1528316989);
INSERT INTO login_history VALUES(562,89,1528331681);
INSERT INTO login_history VALUES(563,28,1528334494);
INSERT INTO login_history VALUES(564,6,1528345019);
INSERT INTO login_history VALUES(565,52,1528360191);
INSERT INTO login_history VALUES(566,52,1528367582);
INSERT INTO login_history VALUES(567,52,1528370474);
INSERT INTO login_history VALUES(568,83,1528372870);
INSERT INTO login_history VALUES(569,8,1528376280);
INSERT INTO login_history VALUES(570,47,1528381773);
INSERT INTO login_history VALUES(571,41,1528389610);
INSERT INTO login_history VALUES(572,98,1528390277);
INSERT INTO login_history VALUES(573,64,1528393639);
INSERT INTO login_history VALUES(574,98,1528402536);
INSERT INTO login_history VALUES(575,48,1528405631);
INSERT INTO login_history VALUES(576,95,1528410581);
INSERT INTO login_history VALUES(577,52,1528418403);
INSERT INTO login_history VALUES(578,92,1528427689);
INSERT INTO login_history VALUES(579,34,1528435349);
INSERT INTO login_history VALUES(580,21,1528435566);
INSERT INTO login_history VALUES(581,21,1528438856);
INSERT INTO login_history VALUES(582,41,1528439164);
INSERT INTO login_history VALUES(583,15,1528443299);
INSERT INTO login_history VALUES(584,31,1528471486);
INSERT INTO login_history VALUES(585,10,1528491717);
INSERT INTO login_history VALUES(586,61,1528500984);
INSERT INTO login_history VALUES(587,48,1528517840);
INSERT INTO login_history VALUES(588,23,1528528206);
INSERT INTO login_history VALUES(589,44,1528543850);
INSERT INTO login_history VALUES(590,28,1528545197);
INSERT INTO login_history VALUES(591,86,1528548942);
INSERT INTO login_history VALUES(592,95,1528557165);
INSERT INTO login_history VALUES(593,44,1528558041);
INSERT INTO login_history VALUES(594,52,1528563813);
INSERT INTO login_history VALUES(595,41,1528570718);
INSERT INTO login_history VALUES(596,26,1528576702);
INSERT INTO login_history VALUES(597,11,1528591292);
INSERT INTO login_history VALUES(598,48,1528593274);
INSERT INTO login_history VALUES(599,28,1528595462);
INSERT INTO login_history VALUES(600,48,1528597168);
INSERT INTO login_history VALUES(601,48,1528604327);
INSERT INTO login_history VALUES(602,98,1528605246);
INSERT INTO login_history VALUES(603,48,1528610017);
INSERT INTO login_history VALUES(604,67,1528617458);
INSERT INTO login_history VALUES(605,36,1528620357);
INSERT INTO login_history VALUES(606,52,1528624184);
INSERT INTO login_history VALUES(607,79,1528630816);
INSERT INTO login_history VALUES(608,52,1528647143);
INSERT INTO login_history VALUES(609,50,1528649923);
INSERT INTO login_history VALUES(610,34,1528662494);
INSERT INTO login_history VALUES(611,50,1528667437);
INSERT INTO login_history VALUES(612,61,1528669180);
INSERT INTO login_history VALUES(613,31,1528675089);
INSERT INTO login_history VALUES(614,48,1528675437);
INSERT INTO login_history VALUES(615,61,1528676161);
INSERT INTO login_history VALUES(616,11,1528687362);
INSERT INTO login_history VALUES(617,50,1528689389);
INSERT INTO login_history VALUES(618,39,1528689729);
INSERT INTO login_history VALUES(619,28,1528692084);
INSERT INTO login_history VALUES(620,23,1528710211);
INSERT INTO login_history VALUES(621,48,1528710674);
INSERT INTO login_history VALUES(622,48,1528715577);
INSERT INTO login_history VALUES(623,35,1528718901);
INSERT INTO login_history VALUES(624,82,1528725263);
INSERT INTO login_history VALUES(625,86,1528737490);
INSERT INTO login_history VALUES(626,50,1528737641);
INSERT INTO login_history VALUES(627,48,1528737858);
INSERT INTO login_history VALUES(628,30,1528745042);
INSERT INTO login_history VALUES(629,61,1528745916);
INSERT INTO login_history VALUES(630,62,1528746050);
INSERT INTO login_history VALUES(631,63,1528752155);
INSERT INTO login_history VALUES(632,50,1528752232);
INSERT INTO login_history VALUES(633,86,1528759416);
INSERT INTO login_history VALUES(634,52,1528766716);
INSERT INTO login_history VALUES(635,79,1528768013);
INSERT INTO login_history VALUES(636,34,1528777062);
INSERT INTO login_history VALUES(637,4,1528795027);
INSERT INTO login_history VALUES(638,4,1528796748);
INSERT INTO login_history VALUES(639,52,1528799640);
INSERT INTO login_history VALUES(640,79,1528799814);
INSERT INTO login_history VALUES(641,65,1528801546);
INSERT INTO login_history VALUES(642,34,1528802429);
INSERT INTO login_history VALUES(643,8,1528812996);
INSERT INTO login_history VALUES(644,28,1528828925);
INSERT INTO login_history VALUES(645,64,1528840968);
INSERT INTO login_history VALUES(646,50,1528854574);
INSERT INTO login_history VALUES(647,30,1528855453);
INSERT INTO login_history VALUES(648,66,1528864816);
INSERT INTO login_history VALUES(649,22,1528866603);
INSERT INTO login_history VALUES(650,50,1528866621);
INSERT INTO login_history VALUES(651,50,1528868086);
INSERT INTO login_history VALUES(652,86,1528868456);
INSERT INTO login_history VALUES(653,48,1528877735);
INSERT INTO login_history VALUES(654,36,1528882800);
INSERT INTO login_history VALUES(655,62,1528884335);
INSERT INTO login_history VALUES(656,34,1528886018);
INSERT INTO login_history VALUES(657,28,1528897565);
INSERT INTO login_history VALUES(658,98,1528909838);
INSERT INTO login_history VALUES(659,61,1528925252);
INSERT INTO login_history VALUES(660,37,1528925494);
INSERT INTO login_history VALUES(661,50,1528929519);
INSERT INTO login_history VALUES(662,48,1528930190);
INSERT INTO login_history VALUES(663,48,1528936604);
INSERT INTO login_history VALUES(664,34,1528954831);
INSERT INTO login_history VALUES(665,79,1528962106);
INSERT INTO login_history VALUES(666,23,1528965513);
INSERT INTO login_history VALUES(667,55,1528966344);
INSERT INTO login_history VALUES(668,6,1528968475);
INSERT INTO login_history VALUES(669,11,1528974537);
INSERT INTO login_history VALUES(670,50,1528974865);
INSERT INTO login_history VALUES(671,98,1528976822);
INSERT INTO login_history VALUES(672,34,1528977183);
INSERT INTO login_history VALUES(673,28,1528980070);
INSERT INTO login_history VALUES(674,48,1528980843);
INSERT INTO login_history VALUES(675,61,1528987275);
INSERT INTO login_history VALUES(676,61,1528987957);
INSERT INTO login_history VALUES(677,10,1528988403);
INSERT INTO login_history VALUES(678,52,1529009544);
INSERT INTO login_history VALUES(679,8,1529019598);
INSERT INTO login_history VALUES(680,52,1529024491);
INSERT INTO login_history VALUES(681,52,1529029946);
INSERT INTO login_history VALUES(682,61,1529033994);
INSERT INTO login_history VALUES(683,48,1529038421);
INSERT INTO login_history VALUES(684,67,1529039233);
INSERT INTO login_history VALUES(685,88,1529039921);
INSERT INTO login_history VALUES(686,48,1529054290);
INSERT INTO login_history VALUES(687,50,1529058511);
INSERT INTO login_history VALUES(688,86,1529059989);
INSERT INTO login_history VALUES(689,61,1529062342);
INSERT INTO login_history VALUES(690,27,1529074986);
INSERT INTO login_history VALUES(691,23,1529085466);
INSERT INTO login_history VALUES(692,48,1529092357);
INSERT INTO login_history VALUES(693,48,1529094796);
INSERT INTO login_history VALUES(694,86,1529094966);
INSERT INTO login_history VALUES(695,95,1529097557);
INSERT INTO login_history VALUES(696,37,1529098481);
INSERT INTO login_history VALUES(697,68,1529103693);
INSERT INTO login_history VALUES(698,11,1529105275);
INSERT INTO login_history VALUES(699,52,1529106817);
INSERT INTO login_history VALUES(700,11,1529107174);
INSERT INTO login_history VALUES(701,27,1529121480);
INSERT INTO login_history VALUES(702,63,1529125614);
INSERT INTO login_history VALUES(703,34,1529130752);
INSERT INTO login_history VALUES(704,73,1529134065);
INSERT INTO login_history VALUES(705,23,1529134666);
INSERT INTO login_history VALUES(706,82,1529159725);
INSERT INTO login_history VALUES(707,41,1529167106);
INSERT INTO login_history VALUES(708,34,1529173657);
INSERT INTO login_history VALUES(709,50,1529174204);
INSERT INTO login_history VALUES(710,50,1529183721);
INSERT INTO login_history VALUES(711,38,1529193397);
INSERT INTO login_history VALUES(712,27,1529202792);
INSERT INTO login_history VALUES(713,11,1529204184);
INSERT INTO login_history VALUES(714,95,1529204966);
INSERT INTO login_history VALUES(715,52,1529205872);
INSERT INTO login_history VALUES(716,98,1529207884);
INSERT INTO login_history VALUES(717,65,1529222472);
INSERT INTO login_history VALUES(718,29,1529230223);
INSERT INTO login_history VALUES(719,36,1529230356);
INSERT INTO login_history VALUES(720,11,1529236048);
INSERT INTO login_history VALUES(721,27,1529242972);
INSERT INTO login_history VALUES(722,48,1529263193);
INSERT INTO login_history VALUES(723,67,1529270181);
INSERT INTO login_history VALUES(724,23,1529284144);
INSERT INTO login_history VALUES(725,44,1529284750);
INSERT INTO login_history VALUES(726,86,1529290078);
INSERT INTO login_history VALUES(727,48,1529291568);
INSERT INTO login_history VALUES(728,31,1529294071);
INSERT INTO login_history VALUES(729,20,1529294073);
INSERT INTO login_history VALUES(730,92,1529299054);
INSERT INTO login_history VALUES(731,61,1529305202);
INSERT INTO login_history VALUES(732,75,1529313765);
INSERT INTO login_history VALUES(733,38,1529316476);
INSERT INTO login_history VALUES(734,11,1529328658);
INSERT INTO login_history VALUES(735,98,1529328939);
INSERT INTO login_history VALUES(736,21,1529330203);
INSERT INTO login_history VALUES(737,67,1529331304);
INSERT INTO login_history VALUES(738,28,1529335306);
INSERT INTO login_history VALUES(739,100,1529342914);
INSERT INTO login_history VALUES(740,52,1529350066);
INSERT INTO login_history VALUES(741,63,1529350340);
INSERT INTO login_history VALUES(742,50,1529352184);
INSERT INTO login_history VALUES(743,52,1529361044);
INSERT INTO login_history VALUES(744,97,1529367623);
INSERT INTO login_history VALUES(745,48,1529374800);
INSERT INTO login_history VALUES(746,20,1529377229);
INSERT INTO login_history VALUES(747,97,1529377786);
INSERT INTO login_history VALUES(748,27,1529378875);
INSERT INTO login_history VALUES(749,64,1529378885);
INSERT INTO login_history VALUES(750,61,1529380193);
INSERT INTO login_history VALUES(751,92,1529383517);
INSERT INTO login_history VALUES(752,23,1529388580);
INSERT INTO login_history VALUES(753,8,1529401810);
INSERT INTO login_history VALUES(754,50,1529402751);
INSERT INTO login_history VALUES(755,48,1529411437);
INSERT INTO login_history VALUES(756,79,1529412738);
INSERT INTO login_history VALUES(757,36,1529413257);
INSERT INTO login_history VALUES(758,15,1529416328);
INSERT INTO login_history VALUES(759,87,1529420070);
INSERT INTO login_history VALUES(760,98,1529423537);
INSERT INTO login_history VALUES(761,89,1529425157);
INSERT INTO login_history VALUES(762,11,1529437180);
INSERT INTO login_history VALUES(763,36,1529438255);
INSERT INTO login_history VALUES(764,52,1529443100);
INSERT INTO login_history VALUES(765,41,1529448268);
INSERT INTO login_history VALUES(766,48,1529448336);
INSERT INTO login_history VALUES(767,17,1529451315);
INSERT INTO login_history VALUES(768,75,1529453086);
INSERT INTO login_history VALUES(769,87,1529457583);
INSERT INTO login_history VALUES(770,79,1529461811);
INSERT INTO login_history VALUES(771,23,1529465228);
INSERT INTO login_history VALUES(772,98,1529469035);
INSERT INTO login_history VALUES(773,18,1529470189);
INSERT INTO login_history VALUES(774,38,1529471595);
INSERT INTO login_history VALUES(775,48,1529477332);
INSERT INTO login_history VALUES(776,23,1529483723);
INSERT INTO login_history VALUES(777,89,1529483825);
INSERT INTO login_history VALUES(778,8,1529484196);
INSERT INTO login_history VALUES(779,98,1529488253);
INSERT INTO login_history VALUES(780,21,1529489351);
INSERT INTO login_history VALUES(781,19,1529491484);
INSERT INTO login_history VALUES(782,48,1529492641);
INSERT INTO login_history VALUES(783,31,1529495622);
INSERT INTO login_history VALUES(784,95,1529497838);
INSERT INTO login_history VALUES(785,48,1529509022);
INSERT INTO login_history VALUES(786,48,1529510550);
INSERT INTO login_history VALUES(787,50,1529512595);
INSERT INTO login_history VALUES(788,10,1529528573);
INSERT INTO login_history VALUES(789,50,1529531582);
INSERT INTO login_history VALUES(790,97,1529535924);
INSERT INTO login_history VALUES(791,50,1529552792);
INSERT INTO login_history VALUES(792,48,1529558306);
INSERT INTO login_history VALUES(793,35,1529561511);
INSERT INTO login_history VALUES(794,86,1529567171);
INSERT INTO login_history VALUES(795,15,1529572993);
INSERT INTO login_history VALUES(796,48,1529576105);
INSERT INTO login_history VALUES(797,65,1529589906);
INSERT INTO login_history VALUES(798,52,1529594222);
INSERT INTO login_history VALUES(799,48,1529601653);
INSERT INTO login_history VALUES(800,16,1529611626);
INSERT INTO login_history VALUES(801,52,1529615373);
INSERT INTO login_history VALUES(802,38,1529639955);
INSERT INTO login_history VALUES(803,61,1529642119);
INSERT INTO login_history VALUES(804,53,1529642563);
INSERT INTO login_history VALUES(805,27,1529651774);
INSERT INTO login_history VALUES(806,27,1529653597);
INSERT INTO login_history VALUES(807,86,1529668104);
INSERT INTO login_history VALUES(808,48,1529671321);
INSERT INTO login_history VALUES(809,32,1529694236);
INSERT INTO login_history VALUES(810,48,1529696000);
INSERT INTO login_history VALUES(811,86,1529705470);
INSERT INTO login_history VALUES(812,21,1529705509);
INSERT INTO login_history VALUES(813,20,1529709245);
INSERT INTO login_history VALUES(814,86,1529712820);
INSERT INTO login_history VALUES(815,47,1529718686);
INSERT INTO login_history VALUES(816,61,1529726463);
INSERT INTO login_history VALUES(817,11,1529726617);
INSERT INTO login_history VALUES(818,52,1529730453);
INSERT INTO login_history VALUES(819,44,1529734876);
INSERT INTO login_history VALUES(820,27,1529738760);
INSERT INTO login_history VALUES(821,50,1529739460);
INSERT INTO login_history VALUES(822,61,1529745220);
INSERT INTO login_history VALUES(823,34,1529751625);
INSERT INTO login_history VALUES(824,27,1529754884);
INSERT INTO login_history VALUES(825,11,1529758691);
INSERT INTO login_history VALUES(826,23,1529760014);
INSERT INTO login_history VALUES(827,58,1529766048);
INSERT INTO login_history VALUES(828,15,1529774740);
INSERT INTO login_history VALUES(829,48,1529775927);
INSERT INTO login_history VALUES(830,52,1529778081);
INSERT INTO login_history VALUES(831,15,1529779044);
INSERT INTO login_history VALUES(832,23,1529781738);
INSERT INTO login_history VALUES(833,67,1529783360);
INSERT INTO login_history VALUES(834,31,1529783395);
INSERT INTO login_history VALUES(835,81,1529787227);
INSERT INTO login_history VALUES(836,76,1529787328);
INSERT INTO login_history VALUES(837,86,1529788813);
INSERT INTO login_history VALUES(838,61,1529790379);
INSERT INTO login_history VALUES(839,95,1529791198);
INSERT INTO login_history VALUES(840,34,1529802768);
INSERT INTO login_history VALUES(841,86,1529808490);
INSERT INTO login_history VALUES(842,11,1529808494);
INSERT INTO login_history VALUES(843,31,1529817059);
INSERT INTO login_history VALUES(844,31,1529817716);
INSERT INTO login_history VALUES(845,28,1529817991);
INSERT INTO login_history VALUES(846,67,1529828480);
INSERT INTO login_history VALUES(847,66,1529830096);
INSERT INTO login_history VALUES(848,33,1529834606);
INSERT INTO login_history VALUES(849,86,1529835415);
INSERT INTO login_history VALUES(850,58,1529840103);
INSERT INTO login_history VALUES(851,67,1529857107);
INSERT INTO login_history VALUES(852,42,1529865165);
INSERT INTO login_history VALUES(853,50,1529869895);
INSERT INTO login_history VALUES(854,38,1529874610);
INSERT INTO login_history VALUES(855,88,1529887753);
INSERT INTO login_history VALUES(856,61,1529890514);
INSERT INTO login_history VALUES(857,35,1529891605);
INSERT INTO login_history VALUES(858,50,1529898429);
INSERT INTO login_history VALUES(859,11,1529924904);
INSERT INTO login_history VALUES(860,52,1529925088);
INSERT INTO login_history VALUES(861,34,1529928041);
INSERT INTO login_history VALUES(862,6,1529931976);
INSERT INTO login_history VALUES(863,52,1529932718);
INSERT INTO login_history VALUES(864,61,1529935036);
INSERT INTO login_history VALUES(865,72,1529936017);
INSERT INTO login_history VALUES(866,31,1529936522);
INSERT INTO login_history VALUES(867,79,1529941308);
INSERT INTO login_history VALUES(868,73,1529947942);
INSERT INTO login_history VALUES(869,50,1529956059);
INSERT INTO login_history VALUES(870,100,1529963563);
INSERT INTO login_history VALUES(871,12,1529969712);
INSERT INTO login_history VALUES(872,42,1529977020);
INSERT INTO login_history VALUES(873,66,1529982467);
INSERT INTO login_history VALUES(874,48,1529982912);
INSERT INTO login_history VALUES(875,69,1529986142);
INSERT INTO login_history VALUES(876,22,1529989789);
INSERT INTO login_history VALUES(877,98,1529994425);
INSERT INTO login_history VALUES(878,67,1529995299);
INSERT INTO login_history VALUES(879,48,1529995750);
INSERT INTO login_history VALUES(880,48,1529998877);
INSERT INTO login_history VALUES(881,20,1530011273);
INSERT INTO login_history VALUES(882,20,1530011549);
INSERT INTO login_history VALUES(883,23,1530026195);
INSERT INTO login_history VALUES(884,86,1530032711);
INSERT INTO login_history VALUES(885,38,1530034873);
INSERT INTO login_history VALUES(886,50,1530036100);
INSERT INTO login_history VALUES(887,98,1530050145);
INSERT INTO login_history VALUES(888,31,1530052113);
INSERT INTO login_history VALUES(889,50,1530055203);
INSERT INTO login_history VALUES(890,32,1530060211);
INSERT INTO login_history VALUES(891,48,1530062477);
INSERT INTO login_history VALUES(892,61,1530069004);
INSERT INTO login_history VALUES(893,50,1530093199);
INSERT INTO login_history VALUES(894,98,1530100354);
INSERT INTO login_history VALUES(895,34,1530102335);
INSERT INTO login_history VALUES(896,18,1530113928);
INSERT INTO login_history VALUES(897,67,1530115117);
INSERT INTO login_history VALUES(898,52,1530120752);
INSERT INTO login_history VALUES(899,11,1530137619);
INSERT INTO login_history VALUES(900,11,1530139441);
INSERT INTO login_history VALUES(901,50,1530146191);
INSERT INTO login_history VALUES(902,11,1530147631);
INSERT INTO login_history VALUES(903,11,1530151023);
INSERT INTO login_history VALUES(904,48,1530153812);
INSERT INTO login_history VALUES(905,48,1530156569);
INSERT INTO login_history VALUES(906,48,1530157446);
INSERT INTO login_history VALUES(907,52,1530160976);
INSERT INTO login_history VALUES(908,52,1530164276);
INSERT INTO login_history VALUES(909,31,1530170728);
INSERT INTO login_history VALUES(910,50,1530183747);
INSERT INTO login_history VALUES(911,23,1530184694);
INSERT INTO login_history VALUES(912,61,1530191415);
INSERT INTO login_history VALUES(913,23,1530194671);
INSERT INTO login_history VALUES(914,61,1530202562);
INSERT INTO login_history VALUES(915,11,1530213033);
INSERT INTO login_history VALUES(916,27,1530216527);
INSERT INTO login_history VALUES(917,11,1530220932);
INSERT INTO login_history VALUES(918,86,1530221453);
INSERT INTO login_history VALUES(919,50,1530221883);
INSERT INTO login_history VALUES(920,34,1530224900);
INSERT INTO login_history VALUES(921,48,1530227683);
INSERT INTO login_history VALUES(922,52,1530229248);
INSERT INTO login_history VALUES(923,50,1530232206);
INSERT INTO login_history VALUES(924,63,1530240114);
INSERT INTO login_history VALUES(925,23,1530240612);
INSERT INTO login_history VALUES(926,50,1530248732);
INSERT INTO login_history VALUES(927,27,1530250137);
INSERT INTO login_history VALUES(928,15,1530250269);
INSERT INTO login_history VALUES(929,45,1530252855);
INSERT INTO login_history VALUES(930,20,1530278008);
INSERT INTO login_history VALUES(931,50,1530280770);
INSERT INTO login_history VALUES(932,86,1530283944);
INSERT INTO login_history VALUES(933,48,1530286227);
INSERT INTO login_history VALUES(934,86,1530287882);
INSERT INTO login_history VALUES(935,48,1530289360);
INSERT INTO login_history VALUES(936,79,1530290591);
INSERT INTO login_history VALUES(937,48,1530290945);
INSERT INTO login_history VALUES(938,82,1530294831);
INSERT INTO login_history VALUES(939,82,1530299610);
INSERT INTO login_history VALUES(940,52,1530316025);
INSERT INTO login_history VALUES(941,87,1530319919);
INSERT INTO login_history VALUES(942,11,1530329719);
INSERT INTO login_history VALUES(943,61,1530332165);
INSERT INTO login_history VALUES(944,98,1530333136);
INSERT INTO login_history VALUES(945,60,1530356748);
INSERT INTO login_history VALUES(946,6,1530369204);
INSERT INTO login_history VALUES(947,6,1530369783);
INSERT INTO login_history VALUES(948,67,1530371784);
INSERT INTO login_history VALUES(949,50,1530382694);
INSERT INTO login_history VALUES(950,23,1530404298);
INSERT INTO login_history VALUES(951,48,1530407251);
INSERT INTO login_history VALUES(952,61,1530418972);
INSERT INTO login_history VALUES(953,15,1530429248);
INSERT INTO login_history VALUES(954,36,1530429733);
INSERT INTO login_history VALUES(955,86,1530433636);
INSERT INTO login_history VALUES(956,97,1530433996);
INSERT INTO login_history VALUES(957,82,1530436051);
INSERT INTO login_history VALUES(958,23,1530442800);
INSERT INTO login_history VALUES(959,50,1530444401);
INSERT INTO login_history VALUES(960,97,1530444975);
INSERT INTO login_history VALUES(961,97,1530455043);
INSERT INTO login_history VALUES(962,55,1530462634);
INSERT INTO login_history VALUES(963,61,1530470582);
INSERT INTO login_history VALUES(964,81,1530475083);
INSERT INTO login_history VALUES(965,22,1530480635);
INSERT INTO login_history VALUES(966,89,1530483514);
INSERT INTO login_history VALUES(967,58,1530485580);
INSERT INTO login_history VALUES(968,20,1530490079);
INSERT INTO login_history VALUES(969,44,1530491020);
INSERT INTO login_history VALUES(970,61,1530491337);
INSERT INTO login_history VALUES(971,48,1530493162);
INSERT INTO login_history VALUES(972,75,1530499315);
INSERT INTO login_history VALUES(973,6,1530502750);
INSERT INTO login_history VALUES(974,61,1530507756);
INSERT INTO login_history VALUES(975,61,1530532472);
INSERT INTO login_history VALUES(976,60,1530534243);
INSERT INTO login_history VALUES(977,50,1530536338);
INSERT INTO login_history VALUES(978,61,1530539514);
INSERT INTO login_history VALUES(979,52,1530552732);
INSERT INTO login_history VALUES(980,70,1530555298);
INSERT INTO login_history VALUES(981,15,1530561275);
INSERT INTO login_history VALUES(982,100,1530561977);
INSERT INTO login_history VALUES(983,61,1530564201);
INSERT INTO login_history VALUES(984,67,1530575126);
INSERT INTO login_history VALUES(985,44,1530576647);
INSERT INTO login_history VALUES(986,58,1530578713);
INSERT INTO login_history VALUES(987,48,1530582884);
INSERT INTO login_history VALUES(988,27,1530585017);
INSERT INTO login_history VALUES(989,15,1530587845);
INSERT INTO login_history VALUES(990,12,1530595941);
INSERT INTO login_history VALUES(991,42,1530604034);
INSERT INTO login_history VALUES(992,8,1530606247);
INSERT INTO login_history VALUES(993,36,1530607927);
INSERT INTO login_history VALUES(994,100,1530610652);
INSERT INTO login_history VALUES(995,52,1530616003);
INSERT INTO login_history VALUES(996,27,1530645817);
INSERT INTO login_history VALUES(997,21,1530649527);
INSERT INTO login_history VALUES(998,70,1530656658);
INSERT INTO login_history VALUES(999,10,1530660197);
INSERT INTO login_history VALUES(1000,11,1530670962);
INSERT INTO login_history VALUES(1001,98,1530674151);
INSERT INTO login_history VALUES(1002,27,1530675033);
INSERT INTO login_history VALUES(1003,34,1530684466);
INSERT INTO login_history VALUES(1004,23,1530686309);
INSERT INTO login_history VALUES(1005,64,1530694985);
INSERT INTO login_history VALUES(1006,75,1530699178);
INSERT INTO login_history VALUES(1007,19,1530717115);
INSERT INTO login_history VALUES(1008,52,1530717750);
INSERT INTO login_history VALUES(1009,42,1530721372);
INSERT INTO login_history VALUES(1010,52,1530728841);
INSERT INTO login_history VALUES(1011,48,1530736671);
INSERT INTO login_history VALUES(1012,52,1530739731);
INSERT INTO login_history VALUES(1013,27,1530741352);
INSERT INTO login_history VALUES(1014,27,1530742354);
INSERT INTO login_history VALUES(1015,52,1530750061);
INSERT INTO login_history VALUES(1016,48,1530752772);
INSERT INTO login_history VALUES(1017,50,1530752912);
INSERT INTO login_history VALUES(1018,58,1530756364);
INSERT INTO login_history VALUES(1019,15,1530757655);
INSERT INTO login_history VALUES(1020,48,1530769869);
INSERT INTO login_history VALUES(1021,27,1530770150);
INSERT INTO login_history VALUES(1022,23,1530779745);
INSERT INTO login_history VALUES(1023,52,1530786900);
INSERT INTO login_history VALUES(1024,68,1530788827);
INSERT INTO login_history VALUES(1025,34,1530801765);
INSERT INTO login_history VALUES(1026,31,1530806171);
INSERT INTO login_history VALUES(1027,100,1530810301);
INSERT INTO login_history VALUES(1028,20,1530831701);
INSERT INTO login_history VALUES(1029,44,1530834642);
INSERT INTO login_history VALUES(1030,52,1530836801);
INSERT INTO login_history VALUES(1031,82,1530837159);
INSERT INTO login_history VALUES(1032,98,1530838762);
INSERT INTO login_history VALUES(1033,23,1530854224);
INSERT INTO login_history VALUES(1034,98,1530863912);
INSERT INTO login_history VALUES(1035,75,1530868010);
INSERT INTO login_history VALUES(1036,11,1530875632);
INSERT INTO login_history VALUES(1037,19,1530878617);
INSERT INTO login_history VALUES(1038,39,1530887087);
INSERT INTO login_history VALUES(1039,24,1530903250);
INSERT INTO login_history VALUES(1040,48,1530904960);
INSERT INTO login_history VALUES(1041,68,1530905810);
INSERT INTO login_history VALUES(1042,82,1530906559);
INSERT INTO login_history VALUES(1043,37,1530915045);
INSERT INTO login_history VALUES(1044,98,1530917283);
INSERT INTO login_history VALUES(1045,11,1530917769);
INSERT INTO login_history VALUES(1046,71,1530919890);
INSERT INTO login_history VALUES(1047,39,1530937805);
INSERT INTO login_history VALUES(1048,48,1530941984);
INSERT INTO login_history VALUES(1049,61,1530942948);
INSERT INTO login_history VALUES(1050,88,1530955922);
INSERT INTO login_history VALUES(1051,86,1530961210);
INSERT INTO login_history VALUES(1052,48,1530968687);
INSERT INTO login_history VALUES(1053,66,1530969690);
INSERT INTO login_history VALUES(1054,72,1530973573);
INSERT INTO login_history VALUES(1055,48,1530992732);
INSERT INTO login_history VALUES(1056,23,1530992843);
INSERT INTO login_history VALUES(1057,11,1531001921);
INSERT INTO login_history VALUES(1058,55,1531002764);
INSERT INTO login_history VALUES(1059,31,1531011960);
INSERT INTO login_history VALUES(1060,28,1531026657);
INSERT INTO login_history VALUES(1061,36,1531029273);
INSERT INTO login_history VALUES(1062,35,1531044119);
INSERT INTO login_history VALUES(1063,21,1531045967);
INSERT INTO login_history VALUES(1064,61,1531047163);
INSERT INTO login_history VALUES(1065,68,1531048053);
INSERT INTO login_history VALUES(1066,34,1531050645);
INSERT INTO login_history VALUES(1067,8,1531052600);
INSERT INTO login_history VALUES(1068,48,1531052917);
INSERT INTO login_history VALUES(1069,62,1531057851);
INSERT INTO login_history VALUES(1070,23,1531063621);
INSERT INTO login_history VALUES(1071,98,1531065091);
INSERT INTO login_history VALUES(1072,31,1531074934);
INSERT INTO login_history VALUES(1073,23,1531083880);
INSERT INTO login_history VALUES(1074,34,1531086263);
INSERT INTO login_history VALUES(1075,34,1531089234);
INSERT INTO login_history VALUES(1076,61,1531095938);
INSERT INTO login_history VALUES(1077,71,1531100909);
INSERT INTO login_history VALUES(1078,44,1531102057);
INSERT INTO login_history VALUES(1079,15,1531105288);
INSERT INTO login_history VALUES(1080,23,1531121670);
INSERT INTO login_history VALUES(1081,61,1531122481);
INSERT INTO login_history VALUES(1082,31,1531122899);
INSERT INTO login_history VALUES(1083,82,1531124900);
INSERT INTO login_history VALUES(1084,48,1531127137);
INSERT INTO login_history VALUES(1085,52,1531127952);
INSERT INTO login_history VALUES(1086,30,1531134389);
INSERT INTO login_history VALUES(1087,53,1531136345);
INSERT INTO login_history VALUES(1088,44,1531141892);
INSERT INTO login_history VALUES(1089,44,1531143695);
INSERT INTO login_history VALUES(1090,87,1531144378);
INSERT INTO login_history VALUES(1091,66,1531144421);
INSERT INTO login_history VALUES(1092,48,1531145128);
INSERT INTO login_history VALUES(1093,15,1531158227);
INSERT INTO login_history VALUES(1094,86,1531160039);
INSERT INTO login_history VALUES(1095,27,1531167410);
INSERT INTO login_history VALUES(1096,23,1531168313);
INSERT INTO login_history VALUES(1097,42,1531169406);
INSERT INTO login_history VALUES(1098,48,1531171909);
INSERT INTO login_history VALUES(1099,63,1531172860);
INSERT INTO login_history VALUES(1100,98,1531172992);
INSERT INTO login_history VALUES(1101,27,1531178468);
INSERT INTO login_history VALUES(1102,15,1531187788);
INSERT INTO login_history VALUES(1103,75,1531198661);
INSERT INTO login_history VALUES(1104,25,1531213245);
INSERT INTO login_history VALUES(1105,14,1531221728);
INSERT INTO login_history VALUES(1106,23,1531221906);
INSERT INTO login_history VALUES(1107,23,1531225980);
INSERT INTO login_history VALUES(1108,31,1531234094);
INSERT INTO login_history VALUES(1109,100,1531235246);
INSERT INTO login_history VALUES(1110,48,1531239105);
INSERT INTO login_history VALUES(1111,82,1531244302);
INSERT INTO login_history VALUES(1112,10,1531247458);
INSERT INTO login_history VALUES(1113,98,1531250903);
INSERT INTO login_history VALUES(1114,75,1531254322);
INSERT INTO login_history VALUES(1115,31,1531255177);
INSERT INTO login_history VALUES(1116,79,1531264259);
INSERT INTO login_history VALUES(1117,98,1531265643);
INSERT INTO login_history VALUES(1118,44,1531269041);
INSERT INTO login_history VALUES(1119,23,1531277203);
INSERT INTO login_history VALUES(1120,50,1531278304);
INSERT INTO login_history VALUES(1121,52,1531281516);
INSERT INTO login_history VALUES(1122,97,1531285902);
INSERT INTO login_history VALUES(1123,52,1531295722);
INSERT INTO login_history VALUES(1124,81,1531296601);
INSERT INTO login_history VALUES(1125,65,1531309137);
INSERT INTO login_history VALUES(1126,44,1531314889);
INSERT INTO login_history VALUES(1127,47,1531315928);
INSERT INTO login_history VALUES(1128,19,1531319563);
INSERT INTO login_history VALUES(1129,100,1531322206);
INSERT INTO login_history VALUES(1130,23,1531326175);
INSERT INTO login_history VALUES(1131,50,1531332881);
INSERT INTO login_history VALUES(1132,48,1531345693);
INSERT INTO login_history VALUES(1133,23,1531349057);
INSERT INTO login_history VALUES(1134,74,1531350852);
INSERT INTO login_history VALUES(1135,44,1531355058);
INSERT INTO login_history VALUES(1136,48,1531356739);
INSERT INTO login_history VALUES(1137,86,1531365250);
INSERT INTO login_history VALUES(1138,11,1531366328);
INSERT INTO login_history VALUES(1139,23,1531368785);
INSERT INTO login_history VALUES(1140,5,1531369522);
INSERT INTO login_history VALUES(1141,95,1531370666);
INSERT INTO login_history VALUES(1142,48,1531373050);
INSERT INTO login_history VALUES(1143,27,1531375316);
INSERT INTO login_history VALUES(1144,58,1531375560);
INSERT INTO login_history VALUES(1145,58,1531378351);
INSERT INTO login_history VALUES(1146,15,1531379240);
INSERT INTO login_history VALUES(1147,92,1531385067);
INSERT INTO login_history VALUES(1148,50,1531385760);
INSERT INTO login_history VALUES(1149,19,1531387155);
INSERT INTO login_history VALUES(1150,15,1531389708);
INSERT INTO login_history VALUES(1151,42,1531403185);
INSERT INTO login_history VALUES(1152,48,1531404043);
INSERT INTO login_history VALUES(1153,82,1531411980);
INSERT INTO login_history VALUES(1154,63,1531413942);
INSERT INTO login_history VALUES(1155,63,1531422749);
INSERT INTO login_history VALUES(1156,100,1531423859);
INSERT INTO login_history VALUES(1157,23,1531425866);
INSERT INTO login_history VALUES(1158,32,1531426444);
INSERT INTO login_history VALUES(1159,64,1531429089);
INSERT INTO login_history VALUES(1160,23,1531436511);
INSERT INTO login_history VALUES(1161,50,1531443543);
INSERT INTO login_history VALUES(1162,64,1531460604);
INSERT INTO login_history VALUES(1163,58,1531466680);
INSERT INTO login_history VALUES(1164,57,1531467960);
INSERT INTO login_history VALUES(1165,23,1531483768);
INSERT INTO login_history VALUES(1166,52,1531484718);
INSERT INTO login_history VALUES(1167,39,1531490787);
INSERT INTO login_history VALUES(1168,64,1531493685);
INSERT INTO login_history VALUES(1169,61,1531502085);
INSERT INTO login_history VALUES(1170,98,1531504197);
INSERT INTO login_history VALUES(1171,98,1531504964);
INSERT INTO login_history VALUES(1172,89,1531513819);
INSERT INTO login_history VALUES(1173,11,1531533368);
INSERT INTO login_history VALUES(1174,21,1531534143);
INSERT INTO login_history VALUES(1175,48,1531536879);
INSERT INTO login_history VALUES(1176,66,1531538817);
INSERT INTO login_history VALUES(1177,4,1531545425);
INSERT INTO login_history VALUES(1178,61,1531559107);
INSERT INTO login_history VALUES(1179,11,1531564998);
INSERT INTO login_history VALUES(1180,67,1531565482);
INSERT INTO login_history VALUES(1181,15,1531568482);
INSERT INTO login_history VALUES(1182,62,1531579359);
INSERT INTO login_history VALUES(1183,33,1531582483);
INSERT INTO login_history VALUES(1184,26,1531590763);
INSERT INTO login_history VALUES(1185,50,1531595610);
INSERT INTO login_history VALUES(1186,48,1531598683);
INSERT INTO login_history VALUES(1187,33,1531600945);
INSERT INTO login_history VALUES(1188,6,1531603518);
INSERT INTO login_history VALUES(1189,23,1531614806);
INSERT INTO login_history VALUES(1190,84,1531615024);
INSERT INTO login_history VALUES(1191,52,1531617032);
INSERT INTO login_history VALUES(1192,35,1531623096);
INSERT INTO login_history VALUES(1193,23,1531637413);
INSERT INTO login_history VALUES(1194,44,1531649273);
INSERT INTO login_history VALUES(1195,20,1531650157);
INSERT INTO login_history VALUES(1196,23,1531653577);
INSERT INTO login_history VALUES(1197,52,1531659317);
INSERT INTO login_history VALUES(1198,61,1531660712);
INSERT INTO login_history VALUES(1199,23,1531661336);
INSERT INTO login_history VALUES(1200,61,1531661683);
INSERT INTO login_history VALUES(1201,33,1531667131);
INSERT INTO login_history VALUES(1202,48,1531678103);
INSERT INTO login_history VALUES(1203,32,1531683083);
INSERT INTO login_history VALUES(1204,50,1531683284);
INSERT INTO login_history VALUES(1205,82,1531685620);
INSERT INTO login_history VALUES(1206,98,1531689288);
INSERT INTO login_history VALUES(1207,15,1531694389);
INSERT INTO login_history VALUES(1208,23,1531696558);
INSERT INTO login_history VALUES(1209,23,1531711674);
INSERT INTO login_history VALUES(1210,23,1531712031);
INSERT INTO login_history VALUES(1211,31,1531721350);
INSERT INTO login_history VALUES(1212,23,1531732903);
INSERT INTO login_history VALUES(1213,52,1531741994);
INSERT INTO login_history VALUES(1214,31,1531750878);
INSERT INTO login_history VALUES(1215,36,1531754095);
INSERT INTO login_history VALUES(1216,34,1531754295);
INSERT INTO login_history VALUES(1217,55,1531761253);
INSERT INTO login_history VALUES(1218,23,1531764232);
INSERT INTO login_history VALUES(1219,23,1531767820);
INSERT INTO login_history VALUES(1220,23,1531771493);
INSERT INTO login_history VALUES(1221,23,1531772590);
INSERT INTO login_history VALUES(1222,20,1531786697);
INSERT INTO login_history VALUES(1223,67,1531795779);
INSERT INTO login_history VALUES(1224,23,1531805452);
INSERT INTO login_history VALUES(1225,69,1531806881);
INSERT INTO login_history VALUES(1226,68,1531808225);
INSERT INTO login_history VALUES(1227,38,1531818486);
INSERT INTO login_history VALUES(1228,61,1531818768);
INSERT INTO login_history VALUES(1229,97,1531822917);
INSERT INTO login_history VALUES(1230,100,1531836715);
INSERT INTO login_history VALUES(1231,48,1531838718);
INSERT INTO login_history VALUES(1232,32,1531839540);
INSERT INTO login_history VALUES(1233,23,1531857679);
INSERT INTO login_history VALUES(1234,97,1531860861);
INSERT INTO login_history VALUES(1235,88,1531873873);
INSERT INTO login_history VALUES(1236,98,1531876701);
INSERT INTO login_history VALUES(1237,31,1531882135);
INSERT INTO login_history VALUES(1238,23,1531886566);
INSERT INTO login_history VALUES(1239,36,1531893818);
INSERT INTO login_history VALUES(1240,61,1531894229);
INSERT INTO login_history VALUES(1241,100,1531899516);
INSERT INTO login_history VALUES(1242,31,1531899767);
INSERT INTO login_history VALUES(1243,15,1531904551);
INSERT INTO login_history VALUES(1244,48,1531908975);
INSERT INTO login_history VALUES(1245,8,1531909777);
INSERT INTO login_history VALUES(1246,15,1531910687);
INSERT INTO login_history VALUES(1247,100,1531912437);
INSERT INTO login_history VALUES(1248,79,1531913009);
INSERT INTO login_history VALUES(1249,99,1531914348);
INSERT INTO login_history VALUES(1250,20,1531926039);
INSERT INTO login_history VALUES(1251,99,1531928678);
INSERT INTO login_history VALUES(1252,8,1531934199);
INSERT INTO login_history VALUES(1253,52,1531941058);
INSERT INTO login_history VALUES(1254,58,1531949645);
INSERT INTO login_history VALUES(1255,61,1531953450);
INSERT INTO login_history VALUES(1256,48,1531960456);
INSERT INTO login_history VALUES(1257,27,1531965384);
INSERT INTO login_history VALUES(1258,34,1531975906);
INSERT INTO login_history VALUES(1259,23,1531980586);
INSERT INTO login_history VALUES(1260,61,1531981497);
INSERT INTO login_history VALUES(1261,20,1531992478);
INSERT INTO login_history VALUES(1262,1,1531993063);
INSERT INTO login_history VALUES(1263,98,1531995120);
INSERT INTO login_history VALUES(1264,42,1532010998);
INSERT INTO login_history VALUES(1265,98,1532014096);
INSERT INTO login_history VALUES(1266,72,1532023355);
INSERT INTO login_history VALUES(1267,23,1532024815);
INSERT INTO login_history VALUES(1268,15,1532028368);
INSERT INTO login_history VALUES(1269,44,1532028582);
INSERT INTO login_history VALUES(1270,82,1532030912);
INSERT INTO login_history VALUES(1271,23,1532031084);
INSERT INTO login_history VALUES(1272,23,1532032462);
INSERT INTO login_history VALUES(1273,11,1532034072);
INSERT INTO login_history VALUES(1274,8,1532044060);
INSERT INTO login_history VALUES(1275,58,1532045950);
INSERT INTO login_history VALUES(1276,48,1532046980);
INSERT INTO login_history VALUES(1277,48,1532053311);
INSERT INTO login_history VALUES(1278,100,1532053899);
INSERT INTO login_history VALUES(1279,61,1532059808);
INSERT INTO login_history VALUES(1280,88,1532070835);
INSERT INTO login_history VALUES(1281,21,1532090552);
INSERT INTO login_history VALUES(1282,39,1532097015);
INSERT INTO login_history VALUES(1283,67,1532098392);
INSERT INTO login_history VALUES(1284,5,1532099803);
INSERT INTO login_history VALUES(1285,15,1532101054);
INSERT INTO login_history VALUES(1286,100,1532109536);
INSERT INTO login_history VALUES(1287,82,1532114292);
INSERT INTO login_history VALUES(1288,8,1532114332);
INSERT INTO login_history VALUES(1289,23,1532114610);
INSERT INTO login_history VALUES(1290,82,1532116472);
INSERT INTO login_history VALUES(1291,66,1532120083);
INSERT INTO login_history VALUES(1292,44,1532122342);
INSERT INTO login_history VALUES(1293,50,1532126698);
INSERT INTO login_history VALUES(1294,31,1532128323);
INSERT INTO login_history VALUES(1295,66,1532129400);
INSERT INTO login_history VALUES(1296,23,1532132649);
INSERT INTO login_history VALUES(1297,20,1532142601);
INSERT INTO login_history VALUES(1298,81,1532144200);
INSERT INTO login_history VALUES(1299,82,1532144752);
INSERT INTO login_history VALUES(1300,61,1532146483);
INSERT INTO login_history VALUES(1301,97,1532153006);
INSERT INTO login_history VALUES(1302,68,1532187977);
INSERT INTO login_history VALUES(1303,86,1532221990);
INSERT INTO login_history VALUES(1304,52,1532223637);
INSERT INTO login_history VALUES(1305,54,1532224199);
INSERT INTO login_history VALUES(1306,47,1532225265);
INSERT INTO login_history VALUES(1307,61,1532225686);
INSERT INTO login_history VALUES(1308,23,1532232303);
INSERT INTO login_history VALUES(1309,64,1532236429);
INSERT INTO login_history VALUES(1310,11,1532244376);
INSERT INTO login_history VALUES(1311,47,1532246961);
INSERT INTO login_history VALUES(1312,34,1532248009);
INSERT INTO login_history VALUES(1313,58,1532254132);
INSERT INTO login_history VALUES(1314,98,1532258632);
INSERT INTO login_history VALUES(1315,53,1532259706);
INSERT INTO login_history VALUES(1316,15,1532265506);
INSERT INTO login_history VALUES(1317,20,1532270986);
INSERT INTO login_history VALUES(1318,37,1532286532);
INSERT INTO login_history VALUES(1319,44,1532293281);
INSERT INTO login_history VALUES(1320,97,1532297094);
INSERT INTO login_history VALUES(1321,77,1532303398);
INSERT INTO login_history VALUES(1322,50,1532311177);
INSERT INTO login_history VALUES(1323,48,1532313170);
INSERT INTO login_history VALUES(1324,68,1532320327);
INSERT INTO login_history VALUES(1325,75,1532324851);
INSERT INTO login_history VALUES(1326,27,1532330483);
INSERT INTO login_history VALUES(1327,23,1532331783);
INSERT INTO login_history VALUES(1328,42,1532338876);
INSERT INTO login_history VALUES(1329,56,1532339918);
INSERT INTO login_history VALUES(1330,23,1532342084);
INSERT INTO login_history VALUES(1331,31,1532346252);
INSERT INTO login_history VALUES(1332,23,1532352263);
INSERT INTO login_history VALUES(1333,100,1532365800);
INSERT INTO login_history VALUES(1334,39,1532370892);
INSERT INTO login_history VALUES(1335,86,1532377818);
INSERT INTO login_history VALUES(1336,31,1532385543);
INSERT INTO login_history VALUES(1337,60,1532396634);
INSERT INTO login_history VALUES(1338,100,1532407171);
INSERT INTO login_history VALUES(1339,66,1532411491);
INSERT INTO login_history VALUES(1340,48,1532421515);
INSERT INTO login_history VALUES(1341,100,1532425617);
INSERT INTO login_history VALUES(1342,48,1532430375);
INSERT INTO login_history VALUES(1343,89,1532435963);
INSERT INTO login_history VALUES(1344,48,1532444299);
INSERT INTO login_history VALUES(1345,23,1532446608);
INSERT INTO login_history VALUES(1346,100,1532449760);
INSERT INTO login_history VALUES(1347,82,1532455711);
INSERT INTO login_history VALUES(1348,23,1532455957);
INSERT INTO login_history VALUES(1349,50,1532464018);
INSERT INTO login_history VALUES(1350,61,1532470358);
INSERT INTO login_history VALUES(1351,5,1532471090);
INSERT INTO login_history VALUES(1352,98,1532477305);
INSERT INTO login_history VALUES(1353,97,1532477875);
INSERT INTO login_history VALUES(1354,23,1532485279);
INSERT INTO login_history VALUES(1355,41,1532493202);
INSERT INTO login_history VALUES(1356,72,1532497267);
INSERT INTO login_history VALUES(1357,8,1532499476);
INSERT INTO login_history VALUES(1358,23,1532499630);
INSERT INTO login_history VALUES(1359,23,1532504605);
INSERT INTO login_history VALUES(1360,20,1532514956);
INSERT INTO login_history VALUES(1361,37,1532519717);
INSERT INTO login_history VALUES(1362,34,1532532053);
INSERT INTO login_history VALUES(1363,82,1532534813);
INSERT INTO login_history VALUES(1364,27,1532545367);
INSERT INTO login_history VALUES(1365,73,1532562542);
INSERT INTO login_history VALUES(1366,89,1532575718);
INSERT INTO login_history VALUES(1367,68,1532576737);
INSERT INTO login_history VALUES(1368,33,1532579794);
INSERT INTO login_history VALUES(1369,100,1532615034);
INSERT INTO login_history VALUES(1370,50,1532617614);
INSERT INTO login_history VALUES(1371,68,1532624067);
INSERT INTO login_history VALUES(1372,58,1532629836);
INSERT INTO login_history VALUES(1373,15,1532637764);
INSERT INTO login_history VALUES(1374,58,1532646036);
INSERT INTO login_history VALUES(1375,50,1532650053);
INSERT INTO login_history VALUES(1376,75,1532652042);
INSERT INTO login_history VALUES(1377,75,1532660393);
INSERT INTO login_history VALUES(1378,50,1532664454);
INSERT INTO login_history VALUES(1379,39,1532664465);
INSERT INTO login_history VALUES(1380,61,1532678434);
INSERT INTO login_history VALUES(1381,23,1532682230);
INSERT INTO login_history VALUES(1382,15,1532693173);
INSERT INTO login_history VALUES(1383,23,1532709547);
INSERT INTO login_history VALUES(1384,15,1532710420);
INSERT INTO login_history VALUES(1385,100,1532715549);
INSERT INTO login_history VALUES(1386,35,1532719000);
INSERT INTO login_history VALUES(1387,66,1532720845);
INSERT INTO login_history VALUES(1388,44,1532725401);
INSERT INTO login_history VALUES(1389,19,1532727609);
INSERT INTO login_history VALUES(1390,85,1532729476);
INSERT INTO login_history VALUES(1391,34,1532738436);
INSERT INTO login_history VALUES(1392,23,1532740372);
INSERT INTO login_history VALUES(1393,75,1532742242);
INSERT INTO login_history VALUES(1394,82,1532744174);
INSERT INTO login_history VALUES(1395,39,1532761892);
INSERT INTO login_history VALUES(1396,75,1532766762);
INSERT INTO login_history VALUES(1397,23,1532768536);
INSERT INTO login_history VALUES(1398,58,1532774523);
INSERT INTO login_history VALUES(1399,68,1532784671);
INSERT INTO login_history VALUES(1400,66,1532785901);
INSERT INTO login_history VALUES(1401,82,1532790752);
INSERT INTO login_history VALUES(1402,100,1532792457);
INSERT INTO login_history VALUES(1403,81,1532793434);
INSERT INTO login_history VALUES(1404,15,1532800231);
INSERT INTO login_history VALUES(1405,48,1532804843);
INSERT INTO login_history VALUES(1406,23,1532805422);
INSERT INTO login_history VALUES(1407,47,1532810055);
INSERT INTO login_history VALUES(1408,66,1532817318);
INSERT INTO login_history VALUES(1409,98,1532818198);
INSERT INTO login_history VALUES(1410,82,1532819096);
INSERT INTO login_history VALUES(1411,100,1532821551);
INSERT INTO login_history VALUES(1412,23,1532823031);
INSERT INTO login_history VALUES(1413,74,1532823281);
INSERT INTO login_history VALUES(1414,23,1532830576);
INSERT INTO login_history VALUES(1415,15,1532834873);
INSERT INTO login_history VALUES(1416,23,1532847935);
INSERT INTO login_history VALUES(1417,23,1532849338);
INSERT INTO login_history VALUES(1418,48,1532850513);
INSERT INTO login_history VALUES(1419,7,1532851903);
INSERT INTO login_history VALUES(1420,44,1532852463);
INSERT INTO login_history VALUES(1421,48,1532860905);
INSERT INTO login_history VALUES(1422,47,1532861586);
INSERT INTO login_history VALUES(1423,51,1532864402);
INSERT INTO login_history VALUES(1424,97,1532864872);
INSERT INTO login_history VALUES(1425,42,1532871612);
INSERT INTO login_history VALUES(1426,37,1532872341);
INSERT INTO login_history VALUES(1427,27,1532877132);
INSERT INTO login_history VALUES(1428,47,1532877671);
INSERT INTO login_history VALUES(1429,48,1532880127);
INSERT INTO login_history VALUES(1430,100,1532885045);
INSERT INTO login_history VALUES(1431,74,1532896013);
INSERT INTO login_history VALUES(1432,8,1532901100);
INSERT INTO login_history VALUES(1433,89,1532904559);
INSERT INTO login_history VALUES(1434,41,1532911657);
INSERT INTO login_history VALUES(1435,4,1532912217);
INSERT INTO login_history VALUES(1436,48,1532923502);
INSERT INTO login_history VALUES(1437,52,1532925680);
INSERT INTO login_history VALUES(1438,31,1532929556);
INSERT INTO login_history VALUES(1439,53,1532930289);
INSERT INTO login_history VALUES(1440,47,1532932405);
INSERT INTO login_history VALUES(1441,97,1532932473);
INSERT INTO login_history VALUES(1442,3,1532936863);
INSERT INTO login_history VALUES(1443,66,1532940030);
INSERT INTO login_history VALUES(1444,48,1532941659);
INSERT INTO login_history VALUES(1445,98,1532941842);
INSERT INTO login_history VALUES(1446,80,1532944420);
INSERT INTO login_history VALUES(1447,23,1532947645);
INSERT INTO login_history VALUES(1448,58,1532956181);
INSERT INTO login_history VALUES(1449,4,1532959278);
INSERT INTO login_history VALUES(1450,48,1532960332);
INSERT INTO login_history VALUES(1451,47,1532974807);
INSERT INTO login_history VALUES(1452,52,1532976859);
INSERT INTO login_history VALUES(1453,98,1532986434);
INSERT INTO login_history VALUES(1454,20,1532987605);
INSERT INTO login_history VALUES(1455,20,1532990306);
INSERT INTO login_history VALUES(1456,82,1532999875);
INSERT INTO login_history VALUES(1457,48,1533005413);
INSERT INTO login_history VALUES(1458,23,1533010834);
INSERT INTO login_history VALUES(1459,68,1533031620);
INSERT INTO login_history VALUES(1460,27,1533032848);
INSERT INTO login_history VALUES(1461,37,1533039663);
INSERT INTO login_history VALUES(1462,23,1533040054);
INSERT INTO login_history VALUES(1463,42,1533042925);
INSERT INTO login_history VALUES(1464,44,1533045191);
INSERT INTO login_history VALUES(1465,82,1533051191);
INSERT INTO login_history VALUES(1466,15,1533055733);
INSERT INTO login_history VALUES(1467,11,1533057548);
INSERT INTO login_history VALUES(1468,100,1533059837);
INSERT INTO login_history VALUES(1469,33,1533061687);
INSERT INTO login_history VALUES(1470,34,1533063413);
INSERT INTO login_history VALUES(1471,89,1533067502);
INSERT INTO login_history VALUES(1472,48,1533072504);
INSERT INTO login_history VALUES(1473,100,1533075829);
INSERT INTO login_history VALUES(1474,3,1533075940);
INSERT INTO login_history VALUES(1475,50,1533084370);
INSERT INTO login_history VALUES(1476,82,1533086454);
INSERT INTO login_history VALUES(1477,97,1533086846);
INSERT INTO login_history VALUES(1478,48,1533089154);
INSERT INTO login_history VALUES(1479,68,1533091308);
INSERT INTO login_history VALUES(1480,92,1533093604);
INSERT INTO login_history VALUES(1481,24,1533094557);
INSERT INTO login_history VALUES(1482,32,1533111773);
INSERT INTO login_history VALUES(1483,27,1533114471);
INSERT INTO login_history VALUES(1484,100,1533116929);
INSERT INTO login_history VALUES(1485,15,1533130417);
INSERT INTO login_history VALUES(1486,61,1533130976);
INSERT INTO login_history VALUES(1487,48,1533132001);
INSERT INTO login_history VALUES(1488,60,1533140545);
INSERT INTO login_history VALUES(1489,23,1533147903);
INSERT INTO login_history VALUES(1490,39,1533166678);
INSERT INTO login_history VALUES(1491,48,1533173525);
INSERT INTO login_history VALUES(1492,23,1533175254);
INSERT INTO login_history VALUES(1493,31,1533201034);
INSERT INTO login_history VALUES(1494,98,1533203966);
INSERT INTO login_history VALUES(1495,54,1533208595);
INSERT INTO login_history VALUES(1496,99,1533208753);
INSERT INTO login_history VALUES(1497,82,1533214101);
INSERT INTO login_history VALUES(1498,75,1533215752);
INSERT INTO login_history VALUES(1499,82,1533217914);
INSERT INTO login_history VALUES(1500,11,1533240015);
INSERT INTO login_history VALUES(1501,61,1533241590);
INSERT INTO login_history VALUES(1502,48,1533242251);
INSERT INTO login_history VALUES(1503,17,1533253545);
INSERT INTO login_history VALUES(1504,31,1533259158);
INSERT INTO login_history VALUES(1505,36,1533259667);
INSERT INTO login_history VALUES(1506,16,1533272063);
INSERT INTO login_history VALUES(1507,82,1533282054);
INSERT INTO login_history VALUES(1508,66,1533309255);
INSERT INTO login_history VALUES(1509,44,1533318643);
INSERT INTO login_history VALUES(1510,55,1533323878);
INSERT INTO login_history VALUES(1511,87,1533324154);
INSERT INTO login_history VALUES(1512,23,1533325746);
INSERT INTO login_history VALUES(1513,61,1533329722);
INSERT INTO login_history VALUES(1514,61,1533332833);
INSERT INTO login_history VALUES(1515,23,1533335200);
INSERT INTO login_history VALUES(1516,23,1533339631);
INSERT INTO login_history VALUES(1517,22,1533341204);
INSERT INTO login_history VALUES(1518,52,1533342022);
INSERT INTO login_history VALUES(1519,82,1533345338);
INSERT INTO login_history VALUES(1520,42,1533349856);
INSERT INTO login_history VALUES(1521,42,1533352144);
INSERT INTO login_history VALUES(1522,45,1533354826);
INSERT INTO login_history VALUES(1523,68,1533359445);
INSERT INTO login_history VALUES(1524,97,1533360052);
INSERT INTO login_history VALUES(1525,23,1533360743);
INSERT INTO login_history VALUES(1526,48,1533362827);
INSERT INTO login_history VALUES(1527,34,1533387453);
INSERT INTO login_history VALUES(1528,82,1533388886);
INSERT INTO login_history VALUES(1529,48,1533390567);
INSERT INTO login_history VALUES(1530,11,1533397246);
INSERT INTO login_history VALUES(1531,98,1533401736);
INSERT INTO login_history VALUES(1532,37,1533409468);
INSERT INTO login_history VALUES(1533,75,1533417164);
INSERT INTO login_history VALUES(1534,48,1533419648);
INSERT INTO login_history VALUES(1535,4,1533421307);
INSERT INTO login_history VALUES(1536,37,1533424935);
INSERT INTO login_history VALUES(1537,82,1533430894);
INSERT INTO login_history VALUES(1538,15,1533436533);
INSERT INTO login_history VALUES(1539,47,1533440670);
INSERT INTO login_history VALUES(1540,70,1533445833);
INSERT INTO login_history VALUES(1541,96,1533449325);
INSERT INTO login_history VALUES(1542,48,1533454482);
INSERT INTO login_history VALUES(1543,37,1533458394);
INSERT INTO login_history VALUES(1544,23,1533459956);
INSERT INTO login_history VALUES(1545,68,1533467671);
INSERT INTO login_history VALUES(1546,75,1533469079);
INSERT INTO login_history VALUES(1547,14,1533469998);
INSERT INTO login_history VALUES(1548,37,1533470658);
INSERT INTO login_history VALUES(1549,15,1533477630);
INSERT INTO login_history VALUES(1550,11,1533481201);
INSERT INTO login_history VALUES(1551,100,1533482384);
INSERT INTO login_history VALUES(1552,89,1533482839);
INSERT INTO login_history VALUES(1553,27,1533493321);
INSERT INTO login_history VALUES(1554,15,1533493502);
INSERT INTO login_history VALUES(1555,82,1533516701);
INSERT INTO login_history VALUES(1556,8,1533517884);
INSERT INTO login_history VALUES(1557,82,1533519297);
INSERT INTO login_history VALUES(1558,82,1533541879);
INSERT INTO login_history VALUES(1559,100,1533546847);
INSERT INTO login_history VALUES(1560,48,1533548412);
INSERT INTO login_history VALUES(1561,68,1533559791);
INSERT INTO login_history VALUES(1562,79,1533566065);
INSERT INTO login_history VALUES(1563,23,1533566545);
INSERT INTO login_history VALUES(1564,50,1533568179);
INSERT INTO login_history VALUES(1565,79,1533574227);
INSERT INTO login_history VALUES(1566,47,1533579452);
INSERT INTO login_history VALUES(1567,37,1533582837);
INSERT INTO login_history VALUES(1568,47,1533586422);
INSERT INTO login_history VALUES(1569,48,1533587189);
INSERT INTO login_history VALUES(1570,47,1533590388);
INSERT INTO login_history VALUES(1571,80,1533591256);
INSERT INTO login_history VALUES(1572,82,1533591681);
INSERT INTO login_history VALUES(1573,24,1533598724);
INSERT INTO login_history VALUES(1574,79,1533601050);
INSERT INTO login_history VALUES(1575,23,1533601726);
INSERT INTO login_history VALUES(1576,15,1533605845);
INSERT INTO login_history VALUES(1577,82,1533612906);
INSERT INTO login_history VALUES(1578,32,1533631613);
INSERT INTO login_history VALUES(1579,88,1533632015);
INSERT INTO login_history VALUES(1580,64,1533639591);
INSERT INTO login_history VALUES(1581,42,1533651105);
INSERT INTO login_history VALUES(1582,23,1533652823);
INSERT INTO login_history VALUES(1583,23,1533662194);
INSERT INTO login_history VALUES(1584,89,1533664055);
INSERT INTO login_history VALUES(1585,6,1533666183);
INSERT INTO login_history VALUES(1586,61,1533667957);
INSERT INTO login_history VALUES(1587,82,1533681894);
INSERT INTO login_history VALUES(1588,100,1533685465);
INSERT INTO login_history VALUES(1589,52,1533685817);
INSERT INTO login_history VALUES(1590,74,1533695475);
INSERT INTO login_history VALUES(1591,24,1533695543);
INSERT INTO login_history VALUES(1592,55,1533707625);
INSERT INTO login_history VALUES(1593,98,1533716314);
INSERT INTO login_history VALUES(1594,30,1533724381);
INSERT INTO login_history VALUES(1595,23,1533725442);
INSERT INTO login_history VALUES(1596,23,1533731409);
INSERT INTO login_history VALUES(1597,64,1533748259);
INSERT INTO login_history VALUES(1598,20,1533748510);
INSERT INTO login_history VALUES(1599,63,1533755516);
INSERT INTO login_history VALUES(1600,34,1533757176);
INSERT INTO login_history VALUES(1601,20,1533762043);
INSERT INTO login_history VALUES(1602,27,1533762178);
INSERT INTO login_history VALUES(1603,8,1533762472);
INSERT INTO login_history VALUES(1604,100,1533763447);
INSERT INTO login_history VALUES(1605,66,1533775932);
INSERT INTO login_history VALUES(1606,100,1533778227);
INSERT INTO login_history VALUES(1607,55,1533785219);
INSERT INTO login_history VALUES(1608,74,1533794644);
INSERT INTO login_history VALUES(1609,100,1533795431);
INSERT INTO login_history VALUES(1610,66,1533796443);
INSERT INTO login_history VALUES(1611,68,1533798255);
INSERT INTO login_history VALUES(1612,68,1533799359);
INSERT INTO login_history VALUES(1613,96,1533802186);
INSERT INTO login_history VALUES(1614,23,1533805217);
INSERT INTO login_history VALUES(1615,61,1533813042);
INSERT INTO login_history VALUES(1616,74,1533816389);
INSERT INTO login_history VALUES(1617,71,1533833164);
INSERT INTO login_history VALUES(1618,71,1533839141);
INSERT INTO login_history VALUES(1619,81,1533855425);
INSERT INTO login_history VALUES(1620,73,1533861933);
INSERT INTO login_history VALUES(1621,15,1533869462);
INSERT INTO login_history VALUES(1622,37,1533871583);
INSERT INTO login_history VALUES(1623,23,1533872624);
INSERT INTO login_history VALUES(1624,23,1533878503);
INSERT INTO login_history VALUES(1625,67,1533879502);
INSERT INTO login_history VALUES(1626,48,1533883525);
INSERT INTO login_history VALUES(1627,68,1533889282);
INSERT INTO login_history VALUES(1628,94,1533891714);
INSERT INTO login_history VALUES(1629,70,1533898347);
INSERT INTO login_history VALUES(1630,81,1533898667);
INSERT INTO login_history VALUES(1631,47,1533915929);
INSERT INTO login_history VALUES(1632,12,1533923449);
INSERT INTO login_history VALUES(1633,61,1533925254);
INSERT INTO login_history VALUES(1634,19,1533927536);
INSERT INTO login_history VALUES(1635,37,1533954607);
INSERT INTO login_history VALUES(1636,83,1533956623);
INSERT INTO login_history VALUES(1637,67,1533964055);
INSERT INTO login_history VALUES(1638,64,1533965445);
INSERT INTO login_history VALUES(1639,48,1533965453);
INSERT INTO login_history VALUES(1640,23,1533966630);
INSERT INTO login_history VALUES(1641,96,1533967711);
INSERT INTO login_history VALUES(1642,86,1533969636);
INSERT INTO login_history VALUES(1643,15,1533970737);
INSERT INTO login_history VALUES(1644,6,1533976588);
INSERT INTO login_history VALUES(1645,58,1533978831);
INSERT INTO login_history VALUES(1646,27,1533986800);
INSERT INTO login_history VALUES(1647,68,1533989942);
INSERT INTO login_history VALUES(1648,48,1533990741);
INSERT INTO login_history VALUES(1649,15,1534001839);
INSERT INTO login_history VALUES(1650,37,1534005176);
INSERT INTO login_history VALUES(1651,98,1534009258);
INSERT INTO login_history VALUES(1652,15,1534009943);
INSERT INTO login_history VALUES(1653,100,1534012641);
INSERT INTO login_history VALUES(1654,48,1534014171);
INSERT INTO login_history VALUES(1655,68,1534016123);
INSERT INTO login_history VALUES(1656,98,1534019084);
INSERT INTO login_history VALUES(1657,68,1534019477);
INSERT INTO login_history VALUES(1658,89,1534024212);
INSERT INTO login_history VALUES(1659,71,1534025402);
INSERT INTO login_history VALUES(1660,23,1534041713);
INSERT INTO login_history VALUES(1661,15,1534043440);
INSERT INTO login_history VALUES(1662,16,1534067823);
INSERT INTO login_history VALUES(1663,43,1534068132);
INSERT INTO login_history VALUES(1664,87,1534075473);
INSERT INTO login_history VALUES(1665,39,1534082071);
INSERT INTO login_history VALUES(1666,68,1534093911);
INSERT INTO login_history VALUES(1667,48,1534099901);
INSERT INTO login_history VALUES(1668,38,1534100190);
INSERT INTO login_history VALUES(1669,48,1534103234);
INSERT INTO login_history VALUES(1670,86,1534105205);
INSERT INTO login_history VALUES(1671,4,1534117132);
INSERT INTO login_history VALUES(1672,66,1534124588);
INSERT INTO login_history VALUES(1673,10,1534125478);
INSERT INTO login_history VALUES(1674,66,1534139207);
INSERT INTO login_history VALUES(1675,67,1534149678);
INSERT INTO login_history VALUES(1676,39,1534152714);
INSERT INTO login_history VALUES(1677,49,1534154219);
INSERT INTO login_history VALUES(1678,38,1534156060);
INSERT INTO login_history VALUES(1679,23,1534163733);
INSERT INTO login_history VALUES(1680,37,1534174875);
INSERT INTO login_history VALUES(1681,82,1534174919);
INSERT INTO login_history VALUES(1682,61,1534175622);
INSERT INTO login_history VALUES(1683,15,1534186243);
INSERT INTO login_history VALUES(1684,27,1534186964);
INSERT INTO login_history VALUES(1685,86,1534190441);
INSERT INTO login_history VALUES(1686,23,1534195106);
INSERT INTO login_history VALUES(1687,89,1534222392);
INSERT INTO login_history VALUES(1688,86,1534223768);
INSERT INTO login_history VALUES(1689,37,1534228002);
INSERT INTO login_history VALUES(1690,37,1534230022);
INSERT INTO login_history VALUES(1691,37,1534230819);
INSERT INTO login_history VALUES(1692,73,1534236804);
INSERT INTO login_history VALUES(1693,89,1534237781);
INSERT INTO login_history VALUES(1694,23,1534243478);
INSERT INTO login_history VALUES(1695,34,1534244423);
INSERT INTO login_history VALUES(1696,33,1534252691);
INSERT INTO login_history VALUES(1697,15,1534254550);
INSERT INTO login_history VALUES(1698,48,1534255193);
INSERT INTO login_history VALUES(1699,23,1534258878);
INSERT INTO login_history VALUES(1700,88,1534262634);
INSERT INTO login_history VALUES(1701,33,1534265065);
INSERT INTO login_history VALUES(1702,98,1534265263);
INSERT INTO login_history VALUES(1703,23,1534271546);
INSERT INTO login_history VALUES(1704,50,1534273435);
INSERT INTO login_history VALUES(1705,48,1534285590);
INSERT INTO login_history VALUES(1706,52,1534288013);
INSERT INTO login_history VALUES(1707,24,1534289393);
INSERT INTO login_history VALUES(1708,82,1534300580);
INSERT INTO login_history VALUES(1709,62,1534304908);
INSERT INTO login_history VALUES(1710,66,1534315539);
INSERT INTO login_history VALUES(1711,31,1534328605);
INSERT INTO login_history VALUES(1712,23,1534332955);
INSERT INTO login_history VALUES(1713,16,1534349839);
INSERT INTO login_history VALUES(1714,37,1534352012);
INSERT INTO login_history VALUES(1715,54,1534355433);
INSERT INTO login_history VALUES(1716,100,1534358808);
INSERT INTO login_history VALUES(1717,75,1534369540);
INSERT INTO login_history VALUES(1718,47,1534375061);
INSERT INTO login_history VALUES(1719,63,1534383996);
INSERT INTO login_history VALUES(1720,66,1534384331);
INSERT INTO login_history VALUES(1721,82,1534386468);
INSERT INTO login_history VALUES(1722,42,1534389030);
INSERT INTO login_history VALUES(1723,8,1534390210);
INSERT INTO login_history VALUES(1724,44,1534402978);
INSERT INTO login_history VALUES(1725,20,1534404921);
INSERT INTO login_history VALUES(1726,48,1534407974);
INSERT INTO login_history VALUES(1727,76,1534408986);
INSERT INTO login_history VALUES(1728,74,1534413184);
INSERT INTO login_history VALUES(1729,8,1534413790);
INSERT INTO login_history VALUES(1730,48,1534414014);
INSERT INTO login_history VALUES(1731,74,1534417275);
INSERT INTO login_history VALUES(1732,20,1534423254);
INSERT INTO login_history VALUES(1733,89,1534429077);
INSERT INTO login_history VALUES(1734,24,1534431622);
INSERT INTO login_history VALUES(1735,48,1534450259);
INSERT INTO login_history VALUES(1736,12,1534456765);
INSERT INTO login_history VALUES(1737,87,1534457624);
INSERT INTO login_history VALUES(1738,16,1534459591);
INSERT INTO login_history VALUES(1739,19,1534471712);
INSERT INTO login_history VALUES(1740,63,1534472019);
INSERT INTO login_history VALUES(1741,16,1534484016);
INSERT INTO login_history VALUES(1742,67,1534485419);
INSERT INTO login_history VALUES(1743,94,1534490624);
INSERT INTO login_history VALUES(1744,5,1534497196);
INSERT INTO login_history VALUES(1745,47,1534500684);
INSERT INTO login_history VALUES(1746,68,1534502355);
INSERT INTO login_history VALUES(1747,23,1534505185);
INSERT INTO login_history VALUES(1748,66,1534512993);
INSERT INTO login_history VALUES(1749,99,1534513265);
INSERT INTO login_history VALUES(1750,8,1534519310);
INSERT INTO login_history VALUES(1751,61,1534525058);
INSERT INTO login_history VALUES(1752,4,1534526410);
INSERT INTO login_history VALUES(1753,85,1534526716);
INSERT INTO login_history VALUES(1754,74,1534532340);
INSERT INTO login_history VALUES(1755,64,1534538354);
INSERT INTO login_history VALUES(1756,68,1534545242);
INSERT INTO login_history VALUES(1757,11,1534547159);
INSERT INTO login_history VALUES(1758,23,1534549092);
INSERT INTO login_history VALUES(1759,23,1534549769);
INSERT INTO login_history VALUES(1760,48,1534553109);
INSERT INTO login_history VALUES(1761,88,1534554358);
INSERT INTO login_history VALUES(1762,4,1534561539);
INSERT INTO login_history VALUES(1763,52,1534565295);
INSERT INTO login_history VALUES(1764,48,1534570730);
INSERT INTO login_history VALUES(1765,52,1534578001);
INSERT INTO login_history VALUES(1766,19,1534579696);
INSERT INTO login_history VALUES(1767,72,1534606426);
INSERT INTO login_history VALUES(1768,39,1534617661);
INSERT INTO login_history VALUES(1769,49,1534626088);
INSERT INTO login_history VALUES(1770,23,1534627465);
INSERT INTO login_history VALUES(1771,82,1534631024);
INSERT INTO login_history VALUES(1772,99,1534633794);
INSERT INTO login_history VALUES(1773,68,1534642979);
INSERT INTO login_history VALUES(1774,82,1534655963);
INSERT INTO login_history VALUES(1775,68,1534660908);
INSERT INTO login_history VALUES(1776,23,1534662059);
INSERT INTO login_history VALUES(1777,79,1534667496);
INSERT INTO login_history VALUES(1778,68,1534679641);
INSERT INTO login_history VALUES(1779,68,1534681155);
INSERT INTO login_history VALUES(1780,85,1534687174);
INSERT INTO login_history VALUES(1781,44,1534689897);
INSERT INTO login_history VALUES(1782,79,1534691197);
INSERT INTO login_history VALUES(1783,48,1534705358);
INSERT INTO login_history VALUES(1784,63,1534712146);
INSERT INTO login_history VALUES(1785,64,1534719543);
INSERT INTO login_history VALUES(1786,23,1534722958);
INSERT INTO login_history VALUES(1787,8,1534728597);
INSERT INTO login_history VALUES(1788,23,1534729425);
INSERT INTO login_history VALUES(1789,63,1534729819);
INSERT INTO login_history VALUES(1790,23,1534732415);
INSERT INTO login_history VALUES(1791,57,1534733772);
INSERT INTO login_history VALUES(1792,11,1534736270);
INSERT INTO login_history VALUES(1793,34,1534742921);
INSERT INTO login_history VALUES(1794,66,1534745204);
INSERT INTO login_history VALUES(1795,82,1534747863);
INSERT INTO login_history VALUES(1796,15,1534749118);
INSERT INTO login_history VALUES(1797,74,1534780365);
INSERT INTO login_history VALUES(1798,11,1534783640);
INSERT INTO login_history VALUES(1799,21,1534788116);
INSERT INTO login_history VALUES(1800,8,1534790255);
INSERT INTO login_history VALUES(1801,48,1534791384);
INSERT INTO login_history VALUES(1802,67,1534793137);
INSERT INTO login_history VALUES(1803,81,1534796752);
INSERT INTO login_history VALUES(1804,37,1534805362);
INSERT INTO login_history VALUES(1805,71,1534807348);
INSERT INTO login_history VALUES(1806,23,1534812822);
INSERT INTO login_history VALUES(1807,68,1534819660);
INSERT INTO login_history VALUES(1808,37,1534820389);
INSERT INTO login_history VALUES(1809,15,1534822715);
INSERT INTO login_history VALUES(1810,66,1534826725);
INSERT INTO login_history VALUES(1811,98,1534832190);
INSERT INTO login_history VALUES(1812,98,1534832393);
INSERT INTO login_history VALUES(1813,33,1534833311);
INSERT INTO login_history VALUES(1814,50,1534834043);
INSERT INTO login_history VALUES(1815,68,1534834337);
INSERT INTO login_history VALUES(1816,97,1534834540);
INSERT INTO login_history VALUES(1817,20,1534835594);
INSERT INTO login_history VALUES(1818,59,1534836540);
INSERT INTO login_history VALUES(1819,8,1534842651);
INSERT INTO login_history VALUES(1820,27,1534843976);
INSERT INTO login_history VALUES(1821,39,1534847833);
INSERT INTO login_history VALUES(1822,39,1534849030);
INSERT INTO login_history VALUES(1823,69,1534862995);
INSERT INTO login_history VALUES(1824,68,1534865217);
INSERT INTO login_history VALUES(1825,20,1534865447);
INSERT INTO login_history VALUES(1826,89,1534872054);
INSERT INTO login_history VALUES(1827,37,1534874325);
INSERT INTO login_history VALUES(1828,47,1534874447);
INSERT INTO login_history VALUES(1829,62,1534878286);
INSERT INTO login_history VALUES(1830,52,1534878946);
INSERT INTO login_history VALUES(1831,18,1534880674);
INSERT INTO login_history VALUES(1832,20,1534882877);
INSERT INTO login_history VALUES(1833,47,1534886076);
INSERT INTO login_history VALUES(1834,32,1534891407);
INSERT INTO login_history VALUES(1835,11,1534891577);
INSERT INTO login_history VALUES(1836,48,1534892822);
INSERT INTO login_history VALUES(1837,97,1534896901);
INSERT INTO login_history VALUES(1838,68,1534903054);
INSERT INTO login_history VALUES(1839,23,1534908182);
INSERT INTO login_history VALUES(1840,63,1534910099);
INSERT INTO login_history VALUES(1841,33,1534918529);
INSERT INTO login_history VALUES(1842,89,1534919978);
INSERT INTO login_history VALUES(1843,82,1534932026);
INSERT INTO login_history VALUES(1844,86,1534954008);
INSERT INTO login_history VALUES(1845,63,1534956786);
INSERT INTO login_history VALUES(1846,82,1534963654);
INSERT INTO login_history VALUES(1847,31,1534965018);
INSERT INTO login_history VALUES(1848,66,1534975442);
INSERT INTO login_history VALUES(1849,33,1535005100);
INSERT INTO login_history VALUES(1850,70,1535005360);
INSERT INTO login_history VALUES(1851,75,1535006785);
INSERT INTO login_history VALUES(1852,82,1535007579);
INSERT INTO login_history VALUES(1853,62,1535008730);
INSERT INTO login_history VALUES(1854,5,1535010025);
INSERT INTO login_history VALUES(1855,68,1535010139);
INSERT INTO login_history VALUES(1856,68,1535015847);
INSERT INTO login_history VALUES(1857,7,1535031439);
INSERT INTO login_history VALUES(1858,48,1535038357);
INSERT INTO login_history VALUES(1859,33,1535043145);
INSERT INTO login_history VALUES(1860,23,1535047733);
INSERT INTO login_history VALUES(1861,65,1535058217);
INSERT INTO login_history VALUES(1862,40,1535060371);
INSERT INTO login_history VALUES(1863,19,1535068181);
INSERT INTO login_history VALUES(1864,87,1535078866);
INSERT INTO login_history VALUES(1865,86,1535102579);
INSERT INTO login_history VALUES(1866,99,1535105956);
INSERT INTO login_history VALUES(1867,34,1535111708);
INSERT INTO login_history VALUES(1868,79,1535116005);
INSERT INTO login_history VALUES(1869,47,1535117319);
INSERT INTO login_history VALUES(1870,53,1535121533);
INSERT INTO login_history VALUES(1871,46,1535123732);
INSERT INTO login_history VALUES(1872,87,1535125060);
INSERT INTO login_history VALUES(1873,53,1535137638);
INSERT INTO login_history VALUES(1874,79,1535146706);
INSERT INTO login_history VALUES(1875,23,1535160417);
INSERT INTO login_history VALUES(1876,89,1535169223);
INSERT INTO login_history VALUES(1877,68,1535172491);
INSERT INTO login_history VALUES(1878,48,1535172865);
INSERT INTO login_history VALUES(1879,74,1535173879);
INSERT INTO login_history VALUES(1880,5,1535185795);
INSERT INTO login_history VALUES(1881,67,1535190101);
INSERT INTO login_history VALUES(1882,94,1535191070);
INSERT INTO login_history VALUES(1883,97,1535193369);
INSERT INTO login_history VALUES(1884,48,1535202624);
INSERT INTO login_history VALUES(1885,74,1535215866);
INSERT INTO login_history VALUES(1886,48,1535226025);
INSERT INTO login_history VALUES(1887,1,1535232489);
INSERT INTO login_history VALUES(1888,5,1535233458);
INSERT INTO login_history VALUES(1889,89,1535236169);
INSERT INTO login_history VALUES(1890,2,1535243938);
INSERT INTO login_history VALUES(1891,20,1535245722);
INSERT INTO login_history VALUES(1892,6,1535246679);
INSERT INTO login_history VALUES(1893,89,1535247822);
INSERT INTO login_history VALUES(1894,19,1535252245);
INSERT INTO login_history VALUES(1895,31,1535257751);
INSERT INTO login_history VALUES(1896,89,1535260437);
INSERT INTO login_history VALUES(1897,75,1535262254);
INSERT INTO login_history VALUES(1898,50,1535262983);
INSERT INTO login_history VALUES(1899,58,1535267936);
INSERT INTO login_history VALUES(1900,27,1535272909);
INSERT INTO login_history VALUES(1901,94,1535273970);
INSERT INTO login_history VALUES(1902,48,1535281431);
INSERT INTO login_history VALUES(1903,48,1535295262);
INSERT INTO login_history VALUES(1904,66,1535308801);
INSERT INTO login_history VALUES(1905,66,1535318277);
INSERT INTO login_history VALUES(1906,35,1535324958);
INSERT INTO login_history VALUES(1907,20,1535334816);
INSERT INTO login_history VALUES(1908,23,1535361007);
INSERT INTO login_history VALUES(1909,79,1535363605);
INSERT INTO login_history VALUES(1910,15,1535365238);
INSERT INTO login_history VALUES(1911,27,1535367065);
INSERT INTO login_history VALUES(1912,47,1535372495);
INSERT INTO login_history VALUES(1913,64,1535379383);
INSERT INTO login_history VALUES(1914,50,1535400055);
INSERT INTO login_history VALUES(1915,88,1535405240);
INSERT INTO login_history VALUES(1916,68,1535411532);
INSERT INTO login_history VALUES(1917,97,1535411859);
INSERT INTO login_history VALUES(1918,48,1535412104);
INSERT INTO login_history VALUES(1919,19,1535412623);
INSERT INTO login_history VALUES(1920,8,1535420057);
INSERT INTO login_history VALUES(1921,66,1535445075);
INSERT INTO login_history VALUES(1922,37,1535449336);
INSERT INTO login_history VALUES(1923,39,1535451420);
INSERT INTO login_history VALUES(1924,20,1535452891);
INSERT INTO login_history VALUES(1925,11,1535460488);
INSERT INTO login_history VALUES(1926,61,1535462299);
INSERT INTO login_history VALUES(1927,10,1535472918);
INSERT INTO login_history VALUES(1928,66,1535482051);
INSERT INTO login_history VALUES(1929,97,1535484840);
INSERT INTO login_history VALUES(1930,86,1535485510);
INSERT INTO login_history VALUES(1931,42,1535490218);
INSERT INTO login_history VALUES(1932,74,1535505435);
INSERT INTO login_history VALUES(1933,74,1535510813);
INSERT INTO login_history VALUES(1934,55,1535514475);
INSERT INTO login_history VALUES(1935,95,1535518417);
INSERT INTO login_history VALUES(1936,99,1535518936);
INSERT INTO login_history VALUES(1937,48,1535525845);
INSERT INTO login_history VALUES(1938,64,1535531733);
INSERT INTO login_history VALUES(1939,37,1535536801);
INSERT INTO login_history VALUES(1940,80,1535541027);
INSERT INTO login_history VALUES(1941,79,1535556700);
INSERT INTO login_history VALUES(1942,54,1535581851);
INSERT INTO login_history VALUES(1943,21,1535588674);
INSERT INTO login_history VALUES(1944,68,1535592831);
INSERT INTO login_history VALUES(1945,48,1535593928);
INSERT INTO login_history VALUES(1946,44,1535595905);
INSERT INTO login_history VALUES(1947,44,1535613380);
INSERT INTO login_history VALUES(1948,81,1535615598);
INSERT INTO login_history VALUES(1949,8,1535616785);
INSERT INTO login_history VALUES(1950,23,1535618512);
INSERT INTO login_history VALUES(1951,48,1535621925);
INSERT INTO login_history VALUES(1952,11,1535623298);
INSERT INTO login_history VALUES(1953,7,1535624216);
INSERT INTO login_history VALUES(1954,82,1535631990);
INSERT INTO login_history VALUES(1955,18,1535635809);
INSERT INTO login_history VALUES(1956,52,1535640740);
INSERT INTO login_history VALUES(1957,7,1535661406);
INSERT INTO login_history VALUES(1958,23,1535675257);
INSERT INTO login_history VALUES(1959,75,1535676768);
INSERT INTO login_history VALUES(1960,5,1535679977);
INSERT INTO login_history VALUES(1961,15,1535684675);
INSERT INTO login_history VALUES(1962,66,1535685849);
INSERT INTO login_history VALUES(1963,19,1535689295);
INSERT INTO login_history VALUES(1964,15,1535689972);
INSERT INTO login_history VALUES(1965,62,1535698836);
INSERT INTO login_history VALUES(1966,62,1535702267);
INSERT INTO login_history VALUES(1967,33,1535703534);
INSERT INTO login_history VALUES(1968,19,1535711298);
INSERT INTO login_history VALUES(1969,27,1535714859);
INSERT INTO login_history VALUES(1970,33,1535717290);
INSERT INTO login_history VALUES(1971,66,1535728114);
INSERT INTO login_history VALUES(1972,15,1535733559);
INSERT INTO login_history VALUES(1973,66,1535746460);
INSERT INTO login_history VALUES(1974,18,1535752682);
INSERT INTO login_history VALUES(1975,17,1535760412);
INSERT INTO login_history VALUES(1976,23,1535774108);
INSERT INTO login_history VALUES(1977,19,1535780378);
INSERT INTO login_history VALUES(1978,66,1535792433);
INSERT INTO login_history VALUES(1979,39,1535795140);
INSERT INTO login_history VALUES(1980,66,1535804561);
INSERT INTO login_history VALUES(1981,8,1535805024);
INSERT INTO login_history VALUES(1982,39,1535807836);
INSERT INTO login_history VALUES(1983,33,1535812196);
INSERT INTO login_history VALUES(1984,74,1535818490);
INSERT INTO login_history VALUES(1985,89,1535821928);
INSERT INTO login_history VALUES(1986,89,1535833231);
INSERT INTO login_history VALUES(1987,75,1535836696);
INSERT INTO login_history VALUES(1988,5,1535840363);
INSERT INTO login_history VALUES(1989,37,1535841875);
INSERT INTO login_history VALUES(1990,97,1535842837);
INSERT INTO login_history VALUES(1991,66,1535845285);
INSERT INTO login_history VALUES(1992,97,1535845826);
INSERT INTO login_history VALUES(1993,23,1535846999);
INSERT INTO login_history VALUES(1994,68,1535847755);
INSERT INTO login_history VALUES(1995,23,1535850088);
INSERT INTO login_history VALUES(1996,52,1535852050);
INSERT INTO login_history VALUES(1997,31,1535857173);
INSERT INTO login_history VALUES(1998,75,1535871892);
INSERT INTO login_history VALUES(1999,25,1535879183);
INSERT INTO login_history VALUES(2000,55,1535880162);
INSERT INTO login_history VALUES(2001,36,1535892986);
INSERT INTO login_history VALUES(2002,66,1535896512);
INSERT INTO login_history VALUES(2003,66,1535904768);
INSERT INTO login_history VALUES(2004,42,1535905516);
INSERT INTO login_history VALUES(2005,31,1535906527);
INSERT INTO login_history VALUES(2006,50,1535918938);
INSERT INTO login_history VALUES(2007,34,1535923605);
INSERT INTO login_history VALUES(2008,2,1535924299);
INSERT INTO login_history VALUES(2009,37,1535924907);
INSERT INTO login_history VALUES(2010,20,1535925222);
INSERT INTO login_history VALUES(2011,97,1535931879);
INSERT INTO login_history VALUES(2012,72,1535948123);
INSERT INTO login_history VALUES(2013,97,1535978037);
INSERT INTO login_history VALUES(2014,20,1535978140);
INSERT INTO login_history VALUES(2015,48,1535982714);
INSERT INTO login_history VALUES(2016,47,1535989549);
INSERT INTO login_history VALUES(2017,86,1535994525);
INSERT INTO login_history VALUES(2018,37,1536000391);
INSERT INTO login_history VALUES(2019,31,1536004125);
INSERT INTO login_history VALUES(2020,39,1536006465);
INSERT INTO login_history VALUES(2021,11,1536012942);
INSERT INTO login_history VALUES(2022,5,1536046738);
INSERT INTO login_history VALUES(2023,33,1536046957);
INSERT INTO login_history VALUES(2024,23,1536052189);
INSERT INTO login_history VALUES(2025,92,1536054644);
INSERT INTO login_history VALUES(2026,58,1536055305);
INSERT INTO login_history VALUES(2027,87,1536061472);
INSERT INTO login_history VALUES(2028,74,1536072828);
INSERT INTO login_history VALUES(2029,97,1536078249);
INSERT INTO login_history VALUES(2030,41,1536110691);
INSERT INTO login_history VALUES(2031,82,1536112175);
INSERT INTO login_history VALUES(2032,74,1536117283);
INSERT INTO login_history VALUES(2033,75,1536123818);
INSERT INTO login_history VALUES(2034,92,1536124448);
INSERT INTO login_history VALUES(2035,48,1536124826);
INSERT INTO login_history VALUES(2036,12,1536127149);
INSERT INTO login_history VALUES(2037,21,1536139216);
INSERT INTO login_history VALUES(2038,67,1536147623);
INSERT INTO login_history VALUES(2039,39,1536153268);
INSERT INTO login_history VALUES(2040,39,1536155175);
INSERT INTO login_history VALUES(2041,20,1536157457);
INSERT INTO login_history VALUES(2042,41,1536159562);
INSERT INTO login_history VALUES(2043,19,1536163975);
INSERT INTO login_history VALUES(2044,75,1536169168);
INSERT INTO login_history VALUES(2045,19,1536179518);
INSERT INTO login_history VALUES(2046,33,1536184408);
INSERT INTO login_history VALUES(2047,63,1536184755);
INSERT INTO login_history VALUES(2048,55,1536187731);
INSERT INTO login_history VALUES(2049,10,1536189294);
INSERT INTO login_history VALUES(2050,23,1536189963);
INSERT INTO login_history VALUES(2051,16,1536200291);
INSERT INTO login_history VALUES(2052,34,1536207958);
INSERT INTO login_history VALUES(2053,68,1536215974);
INSERT INTO login_history VALUES(2054,86,1536216070);
INSERT INTO login_history VALUES(2055,75,1536221930);
INSERT INTO login_history VALUES(2056,37,1536230298);
INSERT INTO login_history VALUES(2057,97,1536251844);
INSERT INTO login_history VALUES(2058,68,1536267977);
INSERT INTO login_history VALUES(2059,15,1536276909);
INSERT INTO login_history VALUES(2060,74,1536277200);
INSERT INTO login_history VALUES(2061,97,1536281543);
INSERT INTO login_history VALUES(2062,64,1536284427);
INSERT INTO login_history VALUES(2063,19,1536290846);
INSERT INTO login_history VALUES(2064,65,1536295564);
INSERT INTO login_history VALUES(2065,66,1536298922);
INSERT INTO login_history VALUES(2066,20,1536299333);
INSERT INTO login_history VALUES(2067,19,1536302758);
INSERT INTO login_history VALUES(2068,8,1536303044);
INSERT INTO login_history VALUES(2069,50,1536313662);
INSERT INTO login_history VALUES(2070,81,1536326489);
INSERT INTO login_history VALUES(2071,32,1536339619);
INSERT INTO login_history VALUES(2072,33,1536342932);
INSERT INTO login_history VALUES(2073,37,1536370728);
INSERT INTO login_history VALUES(2074,74,1536378924);
INSERT INTO login_history VALUES(2075,23,1536379754);
INSERT INTO login_history VALUES(2076,48,1536383784);
INSERT INTO login_history VALUES(2077,7,1536394518);
INSERT INTO login_history VALUES(2078,79,1536394781);
INSERT INTO login_history VALUES(2079,66,1536395251);
INSERT INTO login_history VALUES(2080,97,1536397541);
INSERT INTO login_history VALUES(2081,65,1536398416);
INSERT INTO login_history VALUES(2082,5,1536401968);
INSERT INTO login_history VALUES(2083,92,1536404845);
INSERT INTO login_history VALUES(2084,39,1536411261);
INSERT INTO login_history VALUES(2085,11,1536415369);
INSERT INTO login_history VALUES(2086,89,1536427107);
INSERT INTO login_history VALUES(2087,48,1536434276);
INSERT INTO login_history VALUES(2088,67,1536434391);
INSERT INTO login_history VALUES(2089,6,1536436440);
INSERT INTO login_history VALUES(2090,37,1536454198);
INSERT INTO login_history VALUES(2091,61,1536454944);
INSERT INTO login_history VALUES(2092,20,1536456702);
INSERT INTO login_history VALUES(2093,87,1536458542);
INSERT INTO login_history VALUES(2094,27,1536460818);
INSERT INTO login_history VALUES(2095,70,1536462499);
INSERT INTO login_history VALUES(2096,7,1536462712);
INSERT INTO login_history VALUES(2097,69,1536466844);
INSERT INTO login_history VALUES(2098,27,1536489386);
INSERT INTO login_history VALUES(2099,33,1536495123);
INSERT INTO login_history VALUES(2100,36,1536496084);
INSERT INTO login_history VALUES(2101,72,1536503680);
INSERT INTO login_history VALUES(2102,33,1536506641);
INSERT INTO login_history VALUES(2103,20,1536527972);
INSERT INTO login_history VALUES(2104,35,1536535909);
INSERT INTO login_history VALUES(2105,66,1536540920);
INSERT INTO login_history VALUES(2106,66,1536547989);
INSERT INTO login_history VALUES(2107,48,1536566221);
INSERT INTO login_history VALUES(2108,75,1536567869);
INSERT INTO login_history VALUES(2109,89,1536582575);
INSERT INTO login_history VALUES(2110,26,1536583142);
INSERT INTO login_history VALUES(2111,81,1536587435);
INSERT INTO login_history VALUES(2112,23,1536587621);
INSERT INTO login_history VALUES(2113,52,1536588391);
INSERT INTO login_history VALUES(2114,7,1536589789);
INSERT INTO login_history VALUES(2115,23,1536604194);
INSERT INTO login_history VALUES(2116,11,1536606315);
INSERT INTO login_history VALUES(2117,83,1536611778);
INSERT INTO login_history VALUES(2118,53,1536625114);
INSERT INTO login_history VALUES(2119,52,1536631172);
INSERT INTO login_history VALUES(2120,100,1536638408);
INSERT INTO login_history VALUES(2121,23,1536641829);
INSERT INTO login_history VALUES(2122,79,1536643653);
INSERT INTO login_history VALUES(2123,60,1536647578);
INSERT INTO login_history VALUES(2124,15,1536648137);
INSERT INTO login_history VALUES(2125,19,1536650828);
INSERT INTO login_history VALUES(2126,23,1536655449);
INSERT INTO login_history VALUES(2127,34,1536656998);
INSERT INTO login_history VALUES(2128,63,1536658465);
INSERT INTO login_history VALUES(2129,89,1536662698);
INSERT INTO login_history VALUES(2130,53,1536665923);
INSERT INTO login_history VALUES(2131,7,1536670791);
INSERT INTO login_history VALUES(2132,100,1536673005);
INSERT INTO login_history VALUES(2133,7,1536677574);
INSERT INTO login_history VALUES(2134,87,1536684034);
INSERT INTO login_history VALUES(2135,75,1536684252);
INSERT INTO login_history VALUES(2136,33,1536685462);
INSERT INTO login_history VALUES(2137,36,1536688808);
INSERT INTO login_history VALUES(2138,61,1536696592);
INSERT INTO login_history VALUES(2139,55,1536704798);
INSERT INTO login_history VALUES(2140,16,1536707312);
INSERT INTO login_history VALUES(2141,97,1536709390);
INSERT INTO login_history VALUES(2142,38,1536714640);
INSERT INTO login_history VALUES(2143,89,1536716057);
INSERT INTO login_history VALUES(2144,95,1536720120);
INSERT INTO login_history VALUES(2145,89,1536735940);
INSERT INTO login_history VALUES(2146,97,1536738393);
INSERT INTO login_history VALUES(2147,21,1536754629);
INSERT INTO login_history VALUES(2148,39,1536763224);
INSERT INTO login_history VALUES(2149,55,1536764903);
INSERT INTO login_history VALUES(2150,19,1536765333);
INSERT INTO login_history VALUES(2151,62,1536768340);
INSERT INTO login_history VALUES(2152,32,1536777326);
INSERT INTO login_history VALUES(2153,19,1536785720);
INSERT INTO login_history VALUES(2154,75,1536786583);
INSERT INTO login_history VALUES(2155,48,1536800806);
INSERT INTO login_history VALUES(2156,89,1536815346);
INSERT INTO login_history VALUES(2157,50,1536819652);
INSERT INTO login_history VALUES(2158,47,1536821276);
INSERT INTO login_history VALUES(2159,64,1536825635);
INSERT INTO login_history VALUES(2160,97,1536825899);
INSERT INTO login_history VALUES(2161,63,1536827941);
INSERT INTO login_history VALUES(2162,15,1536828674);
INSERT INTO login_history VALUES(2163,55,1536840828);
INSERT INTO login_history VALUES(2164,79,1536843177);
INSERT INTO login_history VALUES(2165,33,1536872286);
INSERT INTO login_history VALUES(2166,74,1536875285);
INSERT INTO login_history VALUES(2167,48,1536882733);
INSERT INTO login_history VALUES(2168,89,1536882795);
INSERT INTO login_history VALUES(2169,75,1536884290);
INSERT INTO login_history VALUES(2170,86,1536901265);
INSERT INTO login_history VALUES(2171,67,1536907119);
INSERT INTO login_history VALUES(2172,21,1536911364);
INSERT INTO login_history VALUES(2173,75,1536912967);
INSERT INTO login_history VALUES(2174,16,1536937790);
INSERT INTO login_history VALUES(2175,19,1536952832);
INSERT INTO login_history VALUES(2176,63,1536956497);
INSERT INTO login_history VALUES(2177,75,1536963168);
INSERT INTO login_history VALUES(2178,19,1536969861);
INSERT INTO login_history VALUES(2179,7,1536972088);
INSERT INTO login_history VALUES(2180,15,1536986754);
INSERT INTO login_history VALUES(2181,37,1536988771);
INSERT INTO login_history VALUES(2182,31,1536989524);
INSERT INTO login_history VALUES(2183,11,1536990273);
INSERT INTO login_history VALUES(2184,8,1536995240);
INSERT INTO login_history VALUES(2185,39,1537027973);
INSERT INTO login_history VALUES(2186,56,1537028170);
INSERT INTO login_history VALUES(2187,15,1537030471);
INSERT INTO login_history VALUES(2188,92,1537059907);
INSERT INTO login_history VALUES(2189,20,1537071409);
INSERT INTO login_history VALUES(2190,39,1537079966);
INSERT INTO login_history VALUES(2191,33,1537081822);
INSERT INTO login_history VALUES(2192,67,1537087254);
INSERT INTO login_history VALUES(2193,89,1537088681);
INSERT INTO login_history VALUES(2194,48,1537089645);
INSERT INTO login_history VALUES(2195,61,1537090489);
INSERT INTO login_history VALUES(2196,39,1537098052);
INSERT INTO login_history VALUES(2197,38,1537120225);
INSERT INTO login_history VALUES(2198,19,1537121073);
INSERT INTO login_history VALUES(2199,64,1537122594);
INSERT INTO login_history VALUES(2200,66,1537130458);
INSERT INTO login_history VALUES(2201,33,1537150521);
INSERT INTO login_history VALUES(2202,67,1537152456);
INSERT INTO login_history VALUES(2203,15,1537152480);
INSERT INTO login_history VALUES(2204,8,1537166938);
INSERT INTO login_history VALUES(2205,50,1537171566);
INSERT INTO login_history VALUES(2206,39,1537173733);
INSERT INTO login_history VALUES(2207,58,1537180724);
INSERT INTO login_history VALUES(2208,48,1537203221);
INSERT INTO login_history VALUES(2209,69,1537220913);
INSERT INTO login_history VALUES(2210,55,1537229095);
INSERT INTO login_history VALUES(2211,23,1537231523);
INSERT INTO login_history VALUES(2212,89,1537234435);
INSERT INTO login_history VALUES(2213,19,1537237542);
INSERT INTO login_history VALUES(2214,55,1537250077);
INSERT INTO login_history VALUES(2215,50,1537256334);
INSERT INTO login_history VALUES(2216,66,1537285041);
INSERT INTO login_history VALUES(2217,39,1537286188);
INSERT INTO login_history VALUES(2218,75,1537287328);
INSERT INTO login_history VALUES(2219,50,1537288123);
INSERT INTO login_history VALUES(2220,75,1537289870);
INSERT INTO login_history VALUES(2221,33,1537300640);
INSERT INTO login_history VALUES(2222,47,1537305122);
INSERT INTO login_history VALUES(2223,63,1537307500);
INSERT INTO login_history VALUES(2224,15,1537309456);
INSERT INTO login_history VALUES(2225,33,1537318087);
INSERT INTO login_history VALUES(2226,12,1537323644);
INSERT INTO login_history VALUES(2227,97,1537324982);
INSERT INTO login_history VALUES(2228,83,1537345384);
INSERT INTO login_history VALUES(2229,34,1537347540);
INSERT INTO login_history VALUES(2230,87,1537360317);
INSERT INTO login_history VALUES(2231,19,1537366390);
INSERT INTO login_history VALUES(2232,75,1537367655);
INSERT INTO login_history VALUES(2233,20,1537370904);
INSERT INTO login_history VALUES(2234,36,1537372091);
INSERT INTO login_history VALUES(2235,68,1537373748);
INSERT INTO login_history VALUES(2236,69,1537383736);
INSERT INTO login_history VALUES(2237,97,1537386787);
INSERT INTO login_history VALUES(2238,5,1537387826);
INSERT INTO login_history VALUES(2239,97,1537391033);
INSERT INTO login_history VALUES(2240,14,1537392370);
INSERT INTO login_history VALUES(2241,23,1537393428);
INSERT INTO login_history VALUES(2242,48,1537400511);
INSERT INTO login_history VALUES(2243,88,1537405844);
INSERT INTO login_history VALUES(2244,23,1537408948);
INSERT INTO login_history VALUES(2245,10,1537416204);
INSERT INTO login_history VALUES(2246,23,1537418541);
INSERT INTO login_history VALUES(2247,33,1537424042);
INSERT INTO login_history VALUES(2248,100,1537429754);
INSERT INTO login_history VALUES(2249,82,1537432676);
INSERT INTO login_history VALUES(2250,19,1537436112);
INSERT INTO login_history VALUES(2251,65,1537466543);
INSERT INTO login_history VALUES(2252,48,1537467389);
INSERT INTO login_history VALUES(2253,75,1537468691);
INSERT INTO login_history VALUES(2254,21,1537471089);
INSERT INTO login_history VALUES(2255,89,1537473165);
INSERT INTO login_history VALUES(2256,20,1537477452);
INSERT INTO login_history VALUES(2257,64,1537481022);
INSERT INTO login_history VALUES(2258,75,1537481526);
INSERT INTO login_history VALUES(2259,57,1537481571);
INSERT INTO login_history VALUES(2260,33,1537482987);
INSERT INTO login_history VALUES(2261,20,1537498966);
INSERT INTO login_history VALUES(2262,33,1537499766);
INSERT INTO login_history VALUES(2263,92,1537500837);
INSERT INTO login_history VALUES(2264,21,1537512978);
INSERT INTO login_history VALUES(2265,31,1537516011);
INSERT INTO login_history VALUES(2266,8,1537519766);
INSERT INTO login_history VALUES(2267,55,1537520097);
INSERT INTO login_history VALUES(2268,55,1537520776);
INSERT INTO login_history VALUES(2269,32,1537523347);
INSERT INTO login_history VALUES(2270,66,1537527297);
INSERT INTO login_history VALUES(2271,50,1537530879);
INSERT INTO login_history VALUES(2272,55,1537532492);
INSERT INTO login_history VALUES(2273,53,1537536348);
INSERT INTO login_history VALUES(2274,79,1537537696);
INSERT INTO login_history VALUES(2275,11,1537550608);
INSERT INTO login_history VALUES(2276,75,1537552436);
INSERT INTO login_history VALUES(2277,61,1537554838);
INSERT INTO login_history VALUES(2278,75,1537561072);
INSERT INTO login_history VALUES(2279,92,1537565225);
INSERT INTO login_history VALUES(2280,55,1537567313);
INSERT INTO login_history VALUES(2281,55,1537576265);
INSERT INTO login_history VALUES(2282,31,1537578659);
INSERT INTO login_history VALUES(2283,2,1537582227);
INSERT INTO login_history VALUES(2284,97,1537583688);
INSERT INTO login_history VALUES(2285,74,1537590452);
INSERT INTO login_history VALUES(2286,66,1537602201);
INSERT INTO login_history VALUES(2287,36,1537613529);
INSERT INTO login_history VALUES(2288,75,1537631994);
INSERT INTO login_history VALUES(2289,19,1537634113);
INSERT INTO login_history VALUES(2290,7,1537648832);
INSERT INTO login_history VALUES(2291,19,1537649823);
INSERT INTO login_history VALUES(2292,7,1537652585);
INSERT INTO login_history VALUES(2293,63,1537676238);
INSERT INTO login_history VALUES(2294,66,1537681354);
INSERT INTO login_history VALUES(2295,8,1537682570);
INSERT INTO login_history VALUES(2296,75,1537692604);
INSERT INTO login_history VALUES(2297,60,1537694364);
INSERT INTO login_history VALUES(2298,7,1537695508);
INSERT INTO login_history VALUES(2299,86,1537704851);
INSERT INTO login_history VALUES(2300,89,1537705079);
INSERT INTO login_history VALUES(2301,75,1537708076);
INSERT INTO login_history VALUES(2302,24,1537736575);
INSERT INTO login_history VALUES(2303,31,1537740049);
INSERT INTO login_history VALUES(2304,89,1537748374);
INSERT INTO login_history VALUES(2305,33,1537755258);
INSERT INTO login_history VALUES(2306,48,1537762415);
INSERT INTO login_history VALUES(2307,69,1537770991);
INSERT INTO login_history VALUES(2308,75,1537772444);
INSERT INTO login_history VALUES(2309,82,1537773990);
INSERT INTO login_history VALUES(2310,75,1537775241);
INSERT INTO login_history VALUES(2311,75,1537797620);
INSERT INTO login_history VALUES(2312,33,1537803124);
INSERT INTO login_history VALUES(2313,7,1537803926);
INSERT INTO login_history VALUES(2314,7,1537807834);
INSERT INTO login_history VALUES(2315,75,1537834088);
INSERT INTO login_history VALUES(2316,34,1537847777);
INSERT INTO login_history VALUES(2317,63,1537849073);
INSERT INTO login_history VALUES(2318,15,1537851538);
INSERT INTO login_history VALUES(2319,16,1537858122);
INSERT INTO login_history VALUES(2320,55,1537869228);
INSERT INTO login_history VALUES(2321,39,1537875429);
INSERT INTO login_history VALUES(2322,35,1537888663);
INSERT INTO login_history VALUES(2323,48,1537894353);
INSERT INTO login_history VALUES(2324,30,1537908606);
INSERT INTO login_history VALUES(2325,44,1537912992);
INSERT INTO login_history VALUES(2326,100,1537919353);
INSERT INTO login_history VALUES(2327,19,1537920088);
INSERT INTO login_history VALUES(2328,97,1537925939);
INSERT INTO login_history VALUES(2329,8,1537932543);
INSERT INTO login_history VALUES(2330,79,1537935120);
INSERT INTO login_history VALUES(2331,97,1537935883);
INSERT INTO login_history VALUES(2332,39,1537951867);
INSERT INTO login_history VALUES(2333,61,1537961468);
INSERT INTO login_history VALUES(2334,8,1537968359);
INSERT INTO login_history VALUES(2335,28,1537969725);
INSERT INTO login_history VALUES(2336,98,1537972273);
INSERT INTO login_history VALUES(2337,20,1537976136);
INSERT INTO login_history VALUES(2338,23,1537981096);
INSERT INTO login_history VALUES(2339,37,1537988355);
INSERT INTO login_history VALUES(2340,73,1538000097);
INSERT INTO login_history VALUES(2341,83,1538005787);
INSERT INTO login_history VALUES(2342,8,1538008841);
INSERT INTO login_history VALUES(2343,33,1538024829);
INSERT INTO login_history VALUES(2344,55,1538026287);
INSERT INTO login_history VALUES(2345,66,1538031870);
INSERT INTO login_history VALUES(2346,82,1538035617);
INSERT INTO login_history VALUES(2347,89,1538043984);
INSERT INTO login_history VALUES(2348,37,1538045757);
INSERT INTO login_history VALUES(2349,20,1538047619);
INSERT INTO login_history VALUES(2350,33,1538057475);
INSERT INTO login_history VALUES(2351,73,1538058693);
INSERT INTO login_history VALUES(2352,67,1538062646);
INSERT INTO login_history VALUES(2353,97,1538072344);
INSERT INTO login_history VALUES(2354,75,1538096907);
INSERT INTO login_history VALUES(2355,84,1538105318);
INSERT INTO login_history VALUES(2356,75,1538106174);
INSERT INTO login_history VALUES(2357,97,1538108302);
INSERT INTO login_history VALUES(2358,14,1538120913);
INSERT INTO login_history VALUES(2359,19,1538125424);
INSERT INTO login_history VALUES(2360,47,1538127762);
INSERT INTO login_history VALUES(2361,73,1538129841);
INSERT INTO login_history VALUES(2362,5,1538136907);
INSERT INTO login_history VALUES(2363,10,1538136926);
INSERT INTO login_history VALUES(2364,89,1538141274);
INSERT INTO login_history VALUES(2365,75,1538155079);
INSERT INTO login_history VALUES(2366,50,1538163756);
INSERT INTO login_history VALUES(2367,44,1538164960);
INSERT INTO login_history VALUES(2368,67,1538165239);
INSERT INTO login_history VALUES(2369,66,1538173829);
INSERT INTO login_history VALUES(2370,39,1538174896);
INSERT INTO login_history VALUES(2371,19,1538176338);
INSERT INTO login_history VALUES(2372,40,1538185281);
INSERT INTO login_history VALUES(2373,53,1538186263);
INSERT INTO login_history VALUES(2374,28,1538188695);
INSERT INTO login_history VALUES(2375,89,1538195025);
INSERT INTO login_history VALUES(2376,19,1538205095);
INSERT INTO login_history VALUES(2377,99,1538221412);
INSERT INTO login_history VALUES(2378,31,1538225634);
INSERT INTO login_history VALUES(2379,100,1538235351);
INSERT INTO login_history VALUES(2380,95,1538238193);
INSERT INTO login_history VALUES(2381,75,1538256349);
INSERT INTO login_history VALUES(2382,83,1538281267);
INSERT INTO login_history VALUES(2383,38,1538299131);
INSERT INTO login_history VALUES(2384,8,1538302663);
INSERT INTO login_history VALUES(2385,38,1538303146);
INSERT INTO login_history VALUES(2386,19,1538310390);
INSERT INTO login_history VALUES(2387,61,1538321492);
INSERT INTO login_history VALUES(2388,67,1538323515);
INSERT INTO login_history VALUES(2389,11,1538327452);
INSERT INTO login_history VALUES(2390,5,1538342215);
INSERT INTO login_history VALUES(2391,97,1538343799);
INSERT INTO login_history VALUES(2392,55,1538350589);
INSERT INTO login_history VALUES(2393,6,1538351237);
INSERT INTO login_history VALUES(2394,97,1538352325);
INSERT INTO login_history VALUES(2395,38,1538359314);
INSERT INTO login_history VALUES(2396,53,1538365576);
INSERT INTO login_history VALUES(2397,64,1538371581);
INSERT INTO login_history VALUES(2398,41,1538373117);
INSERT INTO login_history VALUES(2399,97,1538374101);
INSERT INTO login_history VALUES(2400,47,1538391379);
INSERT INTO login_history VALUES(2401,19,1538404155);
INSERT INTO login_history VALUES(2402,31,1538416399);
INSERT INTO login_history VALUES(2403,75,1538442260);
INSERT INTO login_history VALUES(2404,20,1538451587);
INSERT INTO login_history VALUES(2405,100,1538458521);
INSERT INTO login_history VALUES(2406,19,1538460115);
INSERT INTO login_history VALUES(2407,74,1538468302);
INSERT INTO login_history VALUES(2408,93,1538473586);
INSERT INTO login_history VALUES(2409,33,1538474880);
INSERT INTO login_history VALUES(2410,33,1538475231);
INSERT INTO login_history VALUES(2411,66,1538486978);
INSERT INTO login_history VALUES(2412,10,1538489963);
INSERT INTO login_history VALUES(2413,57,1538494933);
INSERT INTO login_history VALUES(2414,55,1538509192);
INSERT INTO login_history VALUES(2415,75,1538512333);
INSERT INTO login_history VALUES(2416,69,1538539436);
INSERT INTO login_history VALUES(2417,20,1538557754);
INSERT INTO login_history VALUES(2418,61,1538568579);
INSERT INTO login_history VALUES(2419,68,1538574224);
INSERT INTO login_history VALUES(2420,33,1538581282);
INSERT INTO login_history VALUES(2421,19,1538600160);
INSERT INTO login_history VALUES(2422,40,1538610043);
INSERT INTO login_history VALUES(2423,34,1538618845);
INSERT INTO login_history VALUES(2424,33,1538627216);
INSERT INTO login_history VALUES(2425,75,1538627295);
INSERT INTO login_history VALUES(2426,69,1538628337);
INSERT INTO login_history VALUES(2427,19,1538628908);
INSERT INTO login_history VALUES(2428,75,1538630130);
INSERT INTO login_history VALUES(2429,47,1538634273);
INSERT INTO login_history VALUES(2430,75,1538635532);
INSERT INTO login_history VALUES(2431,8,1538643402);
INSERT INTO login_history VALUES(2432,61,1538661011);
INSERT INTO login_history VALUES(2433,61,1538669294);
INSERT INTO login_history VALUES(2434,68,1538675884);
INSERT INTO login_history VALUES(2435,66,1538691077);
INSERT INTO login_history VALUES(2436,100,1538693756);
INSERT INTO login_history VALUES(2437,47,1538693907);
INSERT INTO login_history VALUES(2438,83,1538694772);
INSERT INTO login_history VALUES(2439,20,1538701928);
INSERT INTO login_history VALUES(2440,19,1538703150);
INSERT INTO login_history VALUES(2441,52,1538704206);
INSERT INTO login_history VALUES(2442,61,1538713746);
INSERT INTO login_history VALUES(2443,12,1538717933);
INSERT INTO login_history VALUES(2444,39,1538725353);
INSERT INTO login_history VALUES(2445,15,1538726336);
INSERT INTO login_history VALUES(2446,86,1538730356);
INSERT INTO login_history VALUES(2447,27,1538736580);
INSERT INTO login_history VALUES(2448,7,1538742782);
INSERT INTO login_history VALUES(2449,75,1538743832);
INSERT INTO login_history VALUES(2450,97,1538744816);
INSERT INTO login_history VALUES(2451,55,1538749831);
INSERT INTO login_history VALUES(2452,87,1538754614);
INSERT INTO login_history VALUES(2453,33,1538760708);
INSERT INTO login_history VALUES(2454,21,1538762732);
INSERT INTO login_history VALUES(2455,44,1538768601);
INSERT INTO login_history VALUES(2456,92,1538771615);
INSERT INTO login_history VALUES(2457,97,1538772339);
INSERT INTO login_history VALUES(2458,67,1538778664);
INSERT INTO login_history VALUES(2459,19,1538793160);
INSERT INTO login_history VALUES(2460,92,1538794119);
INSERT INTO login_history VALUES(2461,97,1538799154);
INSERT INTO login_history VALUES(2462,60,1538803272);
INSERT INTO login_history VALUES(2463,33,1538809643);
INSERT INTO login_history VALUES(2464,19,1538824282);
INSERT INTO login_history VALUES(2465,39,1538838143);
INSERT INTO login_history VALUES(2466,87,1538839843);
INSERT INTO login_history VALUES(2467,38,1538841068);
INSERT INTO login_history VALUES(2468,19,1538846037);
INSERT INTO login_history VALUES(2469,31,1538855630);
INSERT INTO login_history VALUES(2470,86,1538863262);
INSERT INTO login_history VALUES(2471,88,1538863964);
INSERT INTO login_history VALUES(2472,11,1538872602);
INSERT INTO login_history VALUES(2473,71,1538875124);
INSERT INTO login_history VALUES(2474,19,1538875151);
INSERT INTO login_history VALUES(2475,23,1538877266);
INSERT INTO login_history VALUES(2476,48,1538882438);
INSERT INTO login_history VALUES(2477,48,1538899593);
INSERT INTO login_history VALUES(2478,52,1538903104);
INSERT INTO login_history VALUES(2479,67,1538910216);
INSERT INTO login_history VALUES(2480,16,1538913313);
INSERT INTO login_history VALUES(2481,55,1538913551);
INSERT INTO login_history VALUES(2482,97,1538915775);
INSERT INTO login_history VALUES(2483,75,1538923025);
INSERT INTO login_history VALUES(2484,55,1538937132);
INSERT INTO login_history VALUES(2485,75,1538939182);
INSERT INTO login_history VALUES(2486,96,1538942502);
INSERT INTO login_history VALUES(2487,37,1538950564);
INSERT INTO login_history VALUES(2488,50,1538958701);
INSERT INTO login_history VALUES(2489,92,1538970285);
INSERT INTO login_history VALUES(2490,34,1538971514);
INSERT INTO login_history VALUES(2491,53,1538973289);
INSERT INTO login_history VALUES(2492,33,1538980663);
INSERT INTO login_history VALUES(2493,33,1538984378);
INSERT INTO login_history VALUES(2494,51,1538984543);
INSERT INTO login_history VALUES(2495,48,1538986147);
INSERT INTO login_history VALUES(2496,97,1538993866);
INSERT INTO login_history VALUES(2497,19,1538994184);
INSERT INTO login_history VALUES(2498,15,1538997950);
INSERT INTO login_history VALUES(2499,41,1539002346);
INSERT INTO login_history VALUES(2500,19,1539004166);
INSERT INTO login_history VALUES(2501,7,1539008838);
INSERT INTO login_history VALUES(2502,100,1539010015);
INSERT INTO login_history VALUES(2503,19,1539012221);
INSERT INTO login_history VALUES(2504,67,1539016128);
INSERT INTO login_history VALUES(2505,48,1539021208);
INSERT INTO login_history VALUES(2506,19,1539023540);
INSERT INTO login_history VALUES(2507,34,1539038736);
INSERT INTO login_history VALUES(2508,87,1539041428);
INSERT INTO login_history VALUES(2509,33,1539046736);
INSERT INTO login_history VALUES(2510,20,1539049439);
INSERT INTO login_history VALUES(2511,97,1539053173);
INSERT INTO login_history VALUES(2512,19,1539072760);
INSERT INTO login_history VALUES(2513,33,1539081025);
INSERT INTO login_history VALUES(2514,86,1539086597);
INSERT INTO login_history VALUES(2515,75,1539086669);
INSERT INTO login_history VALUES(2516,36,1539107234);
INSERT INTO login_history VALUES(2517,87,1539110083);
INSERT INTO login_history VALUES(2518,75,1539111291);
INSERT INTO login_history VALUES(2519,89,1539128796);
INSERT INTO login_history VALUES(2520,19,1539140691);
INSERT INTO login_history VALUES(2521,23,1539151900);
INSERT INTO login_history VALUES(2522,59,1539155667);
INSERT INTO login_history VALUES(2523,10,1539162729);
INSERT INTO login_history VALUES(2524,42,1539163404);
INSERT INTO login_history VALUES(2525,19,1539175666);
INSERT INTO login_history VALUES(2526,8,1539186585);
INSERT INTO login_history VALUES(2527,98,1539204545);
INSERT INTO login_history VALUES(2528,100,1539215422);
INSERT INTO login_history VALUES(2529,34,1539219450);
INSERT INTO login_history VALUES(2530,55,1539244598);
INSERT INTO login_history VALUES(2531,93,1539245204);
INSERT INTO login_history VALUES(2532,97,1539248662);
INSERT INTO login_history VALUES(2533,97,1539256123);
INSERT INTO login_history VALUES(2534,52,1539256133);
INSERT INTO login_history VALUES(2535,48,1539257070);
INSERT INTO login_history VALUES(2536,81,1539284451);
INSERT INTO login_history VALUES(2537,52,1539290076);
INSERT INTO login_history VALUES(2538,38,1539295520);
INSERT INTO login_history VALUES(2539,20,1539307015);
INSERT INTO login_history VALUES(2540,23,1539316231);
INSERT INTO login_history VALUES(2541,19,1539323412);
INSERT INTO login_history VALUES(2542,75,1539323510);
INSERT INTO login_history VALUES(2543,56,1539330420);
INSERT INTO login_history VALUES(2544,75,1539334341);
INSERT INTO login_history VALUES(2545,95,1539344555);
INSERT INTO login_history VALUES(2546,75,1539347661);
INSERT INTO login_history VALUES(2547,82,1539348697);
INSERT INTO login_history VALUES(2548,82,1539351469);
INSERT INTO login_history VALUES(2549,69,1539355153);
INSERT INTO login_history VALUES(2550,19,1539361555);
INSERT INTO login_history VALUES(2551,35,1539375634);
INSERT INTO login_history VALUES(2552,21,1539378357);
INSERT INTO login_history VALUES(2553,59,1539380836);
INSERT INTO login_history VALUES(2554,97,1539385947);
INSERT INTO login_history VALUES(2555,70,1539396304);
INSERT INTO login_history VALUES(2556,16,1539396504);
INSERT INTO login_history VALUES(2557,48,1539402145);
INSERT INTO login_history VALUES(2558,38,1539407201);
INSERT INTO login_history VALUES(2559,35,1539408682);
INSERT INTO login_history VALUES(2560,19,1539411979);
INSERT INTO login_history VALUES(2561,75,1539420833);
INSERT INTO login_history VALUES(2562,61,1539421414);
INSERT INTO login_history VALUES(2563,75,1539430594);
INSERT INTO login_history VALUES(2564,75,1539431708);
INSERT INTO login_history VALUES(2565,97,1539444176);
INSERT INTO login_history VALUES(2566,19,1539446068);
INSERT INTO login_history VALUES(2567,53,1539455152);
INSERT INTO login_history VALUES(2568,57,1539455387);
INSERT INTO login_history VALUES(2569,4,1539458980);
INSERT INTO login_history VALUES(2570,52,1539460255);
INSERT INTO login_history VALUES(2571,2,1539460303);
INSERT INTO login_history VALUES(2572,33,1539493547);
INSERT INTO login_history VALUES(2573,8,1539499301);
INSERT INTO login_history VALUES(2574,61,1539508060);
INSERT INTO login_history VALUES(2575,81,1539513493);
INSERT INTO login_history VALUES(2576,20,1539513907);
INSERT INTO login_history VALUES(2577,55,1539522980);
INSERT INTO login_history VALUES(2578,34,1539537656);
INSERT INTO login_history VALUES(2579,83,1539539309);
INSERT INTO login_history VALUES(2580,63,1539557559);
INSERT INTO login_history VALUES(2581,66,1539566090);
INSERT INTO login_history VALUES(2582,34,1539566846);
INSERT INTO login_history VALUES(2583,80,1539578906);
INSERT INTO login_history VALUES(2584,24,1539579695);
INSERT INTO login_history VALUES(2585,50,1539582075);
INSERT INTO login_history VALUES(2586,23,1539595445);
INSERT INTO login_history VALUES(2587,70,1539595607);
INSERT INTO login_history VALUES(2588,97,1539597086);
INSERT INTO login_history VALUES(2589,92,1539601860);
INSERT INTO login_history VALUES(2590,23,1539604704);
INSERT INTO login_history VALUES(2591,37,1539609060);
INSERT INTO login_history VALUES(2592,15,1539613757);
INSERT INTO login_history VALUES(2593,22,1539614040);
INSERT INTO login_history VALUES(2594,67,1539616060);
INSERT INTO login_history VALUES(2595,79,1539617151);
INSERT INTO login_history VALUES(2596,38,1539657184);
INSERT INTO login_history VALUES(2597,61,1539678824);
INSERT INTO login_history VALUES(2598,52,1539684035);
INSERT INTO login_history VALUES(2599,92,1539688282);
INSERT INTO login_history VALUES(2600,19,1539730034);
INSERT INTO login_history VALUES(2601,71,1539735347);
INSERT INTO login_history VALUES(2602,19,1539736802);
INSERT INTO login_history VALUES(2603,66,1539738268);
INSERT INTO login_history VALUES(2604,83,1539777059);
INSERT INTO login_history VALUES(2605,33,1539780593);
INSERT INTO login_history VALUES(2606,97,1539781358);
INSERT INTO login_history VALUES(2607,60,1539783143);
INSERT INTO login_history VALUES(2608,10,1539787301);
INSERT INTO login_history VALUES(2609,11,1539799250);
INSERT INTO login_history VALUES(2610,20,1539815533);
INSERT INTO login_history VALUES(2611,93,1539824261);
INSERT INTO login_history VALUES(2612,33,1539833893);
INSERT INTO login_history VALUES(2613,88,1539835016);
INSERT INTO login_history VALUES(2614,19,1539835854);
INSERT INTO login_history VALUES(2615,75,1539838472);
INSERT INTO login_history VALUES(2616,20,1539852174);
INSERT INTO login_history VALUES(2617,50,1539871125);
INSERT INTO login_history VALUES(2618,97,1539874567);
INSERT INTO login_history VALUES(2619,70,1539879814);
INSERT INTO login_history VALUES(2620,93,1539881515);
INSERT INTO login_history VALUES(2621,21,1539881699);
INSERT INTO login_history VALUES(2622,16,1539888837);
INSERT INTO login_history VALUES(2623,48,1539904429);
INSERT INTO login_history VALUES(2624,87,1539909216);
INSERT INTO login_history VALUES(2625,19,1539920863);
INSERT INTO login_history VALUES(2626,28,1539934339);
INSERT INTO login_history VALUES(2627,7,1539936261);
INSERT INTO login_history VALUES(2628,68,1539947480);
INSERT INTO login_history VALUES(2629,86,1539958660);
INSERT INTO login_history VALUES(2630,72,1539963951);
INSERT INTO login_history VALUES(2631,17,1539965460);
INSERT INTO login_history VALUES(2632,97,1539971956);
INSERT INTO login_history VALUES(2633,72,1539994391);
INSERT INTO login_history VALUES(2634,40,1540000687);
INSERT INTO login_history VALUES(2635,83,1540007461);
INSERT INTO login_history VALUES(2636,16,1540020444);
INSERT INTO login_history VALUES(2637,38,1540026787);
INSERT INTO login_history VALUES(2638,53,1540034393);
INSERT INTO login_history VALUES(2639,19,1540037251);
INSERT INTO login_history VALUES(2640,21,1540043113);
INSERT INTO login_history VALUES(2641,32,1540043420);
INSERT INTO login_history VALUES(2642,86,1540044452);
INSERT INTO login_history VALUES(2643,66,1540073219);
INSERT INTO login_history VALUES(2644,70,1540075872);
INSERT INTO login_history VALUES(2645,41,1540081440);
INSERT INTO login_history VALUES(2646,52,1540086366);
INSERT INTO login_history VALUES(2647,19,1540090853);
INSERT INTO login_history VALUES(2648,71,1540099572);
INSERT INTO login_history VALUES(2649,34,1540105588);
INSERT INTO login_history VALUES(2650,21,1540108813);
INSERT INTO login_history VALUES(2651,79,1540131081);
INSERT INTO login_history VALUES(2652,2,1540132544);
INSERT INTO login_history VALUES(2653,97,1540137143);
INSERT INTO login_history VALUES(2654,38,1540137966);
INSERT INTO login_history VALUES(2655,71,1540150844);
INSERT INTO login_history VALUES(2656,8,1540152695);
INSERT INTO login_history VALUES(2657,50,1540156187);
INSERT INTO login_history VALUES(2658,21,1540178145);
INSERT INTO login_history VALUES(2659,16,1540188503);
INSERT INTO login_history VALUES(2660,21,1540189252);
INSERT INTO login_history VALUES(2661,8,1540192366);
INSERT INTO login_history VALUES(2662,62,1540192600);
INSERT INTO login_history VALUES(2663,60,1540205136);
INSERT INTO login_history VALUES(2664,8,1540209823);
INSERT INTO login_history VALUES(2665,70,1540211799);
INSERT INTO login_history VALUES(2666,32,1540214407);
INSERT INTO login_history VALUES(2667,67,1540218979);
INSERT INTO login_history VALUES(2668,19,1540243570);
INSERT INTO login_history VALUES(2669,37,1540258540);
INSERT INTO login_history VALUES(2670,70,1540272167);
INSERT INTO login_history VALUES(2671,20,1540277706);
INSERT INTO login_history VALUES(2672,66,1540286875);
INSERT INTO login_history VALUES(2673,19,1540301147);
INSERT INTO login_history VALUES(2674,93,1540313689);
INSERT INTO login_history VALUES(2675,65,1540315608);
INSERT INTO login_history VALUES(2676,63,1540334779);
INSERT INTO login_history VALUES(2677,20,1540335334);
INSERT INTO login_history VALUES(2678,95,1540339144);
INSERT INTO login_history VALUES(2679,20,1540347599);
INSERT INTO login_history VALUES(2680,36,1540347775);
INSERT INTO login_history VALUES(2681,87,1540347999);
INSERT INTO login_history VALUES(2682,48,1540366016);
INSERT INTO login_history VALUES(2683,23,1540366101);
INSERT INTO login_history VALUES(2684,36,1540380443);
INSERT INTO login_history VALUES(2685,16,1540380455);
INSERT INTO login_history VALUES(2686,63,1540383444);
INSERT INTO login_history VALUES(2687,92,1540387074);
INSERT INTO login_history VALUES(2688,70,1540390097);
INSERT INTO login_history VALUES(2689,39,1540395349);
INSERT INTO login_history VALUES(2690,20,1540420798);
INSERT INTO login_history VALUES(2691,70,1540422266);
INSERT INTO login_history VALUES(2692,21,1540439373);
INSERT INTO login_history VALUES(2693,97,1540440892);
INSERT INTO login_history VALUES(2694,23,1540442229);
INSERT INTO login_history VALUES(2695,11,1540448327);
INSERT INTO login_history VALUES(2696,21,1540449626);
INSERT INTO login_history VALUES(2697,16,1540459970);
INSERT INTO login_history VALUES(2698,75,1540470279);
INSERT INTO login_history VALUES(2699,70,1540472274);
INSERT INTO login_history VALUES(2700,100,1540480146);
INSERT INTO login_history VALUES(2701,11,1540497970);
INSERT INTO login_history VALUES(2702,28,1540499284);
INSERT INTO login_history VALUES(2703,63,1540514422);
INSERT INTO login_history VALUES(2704,93,1540517591);
INSERT INTO login_history VALUES(2705,48,1540520140);
INSERT INTO login_history VALUES(2706,97,1540523064);
INSERT INTO login_history VALUES(2707,40,1540527135);
INSERT INTO login_history VALUES(2708,20,1540530959);
INSERT INTO login_history VALUES(2709,48,1540533140);
INSERT INTO login_history VALUES(2710,87,1540537846);
INSERT INTO login_history VALUES(2711,20,1540543031);
INSERT INTO login_history VALUES(2712,97,1540543152);
INSERT INTO login_history VALUES(2713,48,1540548165);
INSERT INTO login_history VALUES(2714,35,1540557416);
INSERT INTO login_history VALUES(2715,48,1540568526);
INSERT INTO login_history VALUES(2716,92,1540576193);
INSERT INTO login_history VALUES(2717,70,1540581732);
INSERT INTO login_history VALUES(2718,48,1540593273);
INSERT INTO login_history VALUES(2719,7,1540612639);
INSERT INTO login_history VALUES(2720,62,1540620428);
INSERT INTO login_history VALUES(2721,33,1540620450);
INSERT INTO login_history VALUES(2722,20,1540626838);
INSERT INTO login_history VALUES(2723,16,1540654928);
INSERT INTO login_history VALUES(2724,97,1540677656);
INSERT INTO login_history VALUES(2725,19,1540688385);
INSERT INTO login_history VALUES(2726,8,1540704455);
INSERT INTO login_history VALUES(2727,23,1540704603);
INSERT INTO login_history VALUES(2728,19,1540707871);
INSERT INTO login_history VALUES(2729,83,1540707883);
INSERT INTO login_history VALUES(2730,19,1540714927);
INSERT INTO login_history VALUES(2731,8,1540715685);
INSERT INTO login_history VALUES(2732,70,1540720139);
INSERT INTO login_history VALUES(2733,7,1540725925);
INSERT INTO login_history VALUES(2734,52,1540732697);
INSERT INTO login_history VALUES(2735,23,1540738402);
INSERT INTO login_history VALUES(2736,67,1540750029);
INSERT INTO login_history VALUES(2737,93,1540751699);
INSERT INTO login_history VALUES(2738,21,1540761126);
INSERT INTO login_history VALUES(2739,8,1540771560);
INSERT INTO login_history VALUES(2740,8,1540772021);
INSERT INTO login_history VALUES(2741,31,1540776281);
INSERT INTO login_history VALUES(2742,97,1540782274);
INSERT INTO login_history VALUES(2743,87,1540790275);
INSERT INTO login_history VALUES(2744,55,1540801337);
INSERT INTO login_history VALUES(2745,20,1540804035);
INSERT INTO login_history VALUES(2746,20,1540833219);
INSERT INTO login_history VALUES(2747,87,1540836801);
INSERT INTO login_history VALUES(2748,56,1540842245);
INSERT INTO login_history VALUES(2749,57,1540845909);
INSERT INTO login_history VALUES(2750,87,1540847821);
INSERT INTO login_history VALUES(2751,98,1540849218);
INSERT INTO login_history VALUES(2752,20,1540865422);
INSERT INTO login_history VALUES(2753,8,1540875002);
INSERT INTO login_history VALUES(2754,60,1540876764);
INSERT INTO login_history VALUES(2755,20,1540880404);
INSERT INTO login_history VALUES(2756,97,1540881565);
INSERT INTO login_history VALUES(2757,20,1540883965);
INSERT INTO login_history VALUES(2758,95,1540883991);
INSERT INTO login_history VALUES(2759,52,1540891906);
INSERT INTO login_history VALUES(2760,75,1540900877);
INSERT INTO login_history VALUES(2761,66,1540903601);
INSERT INTO login_history VALUES(2762,97,1540910620);
INSERT INTO login_history VALUES(2763,88,1540911613);
INSERT INTO login_history VALUES(2764,75,1540914739);
INSERT INTO login_history VALUES(2765,75,1540918204);
INSERT INTO login_history VALUES(2766,65,1540937597);
INSERT INTO login_history VALUES(2767,67,1540937967);
INSERT INTO login_history VALUES(2768,64,1540943779);
INSERT INTO login_history VALUES(2769,97,1540946549);
INSERT INTO login_history VALUES(2770,7,1540950308);
INSERT INTO login_history VALUES(2771,23,1540954784);
INSERT INTO login_history VALUES(2772,19,1540963210);
INSERT INTO login_history VALUES(2773,65,1540963253);
INSERT INTO login_history VALUES(2774,45,1540966390);
INSERT INTO login_history VALUES(2775,16,1540968554);
INSERT INTO login_history VALUES(2776,63,1540973073);
INSERT INTO login_history VALUES(2777,97,1540973571);
INSERT INTO login_history VALUES(2778,20,1540978403);
INSERT INTO login_history VALUES(2779,72,1540994313);
INSERT INTO login_history VALUES(2780,87,1540994955);
INSERT INTO login_history VALUES(2781,97,1541008067);
INSERT INTO login_history VALUES(2782,2,1541012416);
INSERT INTO login_history VALUES(2783,23,1541013946);
INSERT INTO login_history VALUES(2784,63,1541015445);
INSERT INTO login_history VALUES(2785,38,1541030671);
INSERT INTO login_history VALUES(2786,63,1541033369);
INSERT INTO login_history VALUES(2787,74,1541034873);
INSERT INTO login_history VALUES(2788,33,1541047945);
INSERT INTO login_history VALUES(2789,20,1541048490);
INSERT INTO login_history VALUES(2790,70,1541050777);
INSERT INTO login_history VALUES(2791,52,1541059146);
INSERT INTO login_history VALUES(2792,48,1541071491);
INSERT INTO login_history VALUES(2793,83,1541075444);
INSERT INTO login_history VALUES(2794,73,1541077227);
INSERT INTO login_history VALUES(2795,70,1541077624);
INSERT INTO login_history VALUES(2796,66,1541085601);
INSERT INTO login_history VALUES(2797,75,1541094213);
INSERT INTO login_history VALUES(2798,8,1541098917);
INSERT INTO login_history VALUES(2799,21,1541099367);
INSERT INTO login_history VALUES(2800,97,1541112653);
INSERT INTO login_history VALUES(2801,88,1541119558);
INSERT INTO login_history VALUES(2802,50,1541120667);
INSERT INTO login_history VALUES(2803,74,1541125966);
INSERT INTO login_history VALUES(2804,70,1541128888);
INSERT INTO login_history VALUES(2805,39,1541131529);
INSERT INTO login_history VALUES(2806,99,1541135963);
INSERT INTO login_history VALUES(2807,30,1541138747);
INSERT INTO login_history VALUES(2808,82,1541143048);
INSERT INTO login_history VALUES(2809,93,1541144040);
INSERT INTO login_history VALUES(2810,21,1541166764);
INSERT INTO login_history VALUES(2811,67,1541171514);
INSERT INTO login_history VALUES(2812,61,1541172126);
INSERT INTO login_history VALUES(2813,64,1541179994);
INSERT INTO login_history VALUES(2814,2,1541192731);
INSERT INTO login_history VALUES(2815,87,1541197184);
INSERT INTO login_history VALUES(2816,32,1541198215);
INSERT INTO login_history VALUES(2817,87,1541199225);
INSERT INTO login_history VALUES(2818,23,1541214935);
INSERT INTO login_history VALUES(2819,98,1541217068);
INSERT INTO login_history VALUES(2820,97,1541222011);
INSERT INTO login_history VALUES(2821,61,1541229931);
INSERT INTO login_history VALUES(2822,67,1541233915);
INSERT INTO login_history VALUES(2823,27,1541237401);
INSERT INTO login_history VALUES(2824,87,1541250352);
INSERT INTO login_history VALUES(2825,34,1541264955);
INSERT INTO login_history VALUES(2826,31,1541272011);
INSERT INTO login_history VALUES(2827,83,1541275807);
INSERT INTO login_history VALUES(2828,98,1541280462);
INSERT INTO login_history VALUES(2829,48,1541282334);
INSERT INTO login_history VALUES(2830,10,1541286256);
INSERT INTO login_history VALUES(2831,97,1541290135);
INSERT INTO login_history VALUES(2832,97,1541312438);
INSERT INTO login_history VALUES(2833,25,1541316562);
INSERT INTO login_history VALUES(2834,34,1541317417);
INSERT INTO login_history VALUES(2835,23,1541325149);
INSERT INTO login_history VALUES(2836,97,1541342906);
INSERT INTO login_history VALUES(2837,19,1541344011);
INSERT INTO login_history VALUES(2838,21,1541344482);
INSERT INTO login_history VALUES(2839,49,1541347046);
INSERT INTO login_history VALUES(2840,20,1541353323);
INSERT INTO login_history VALUES(2841,66,1541365080);
INSERT INTO login_history VALUES(2842,20,1541367490);
INSERT INTO login_history VALUES(2843,100,1541370502);
INSERT INTO login_history VALUES(2844,79,1541377051);
INSERT INTO login_history VALUES(2845,88,1541382179);
INSERT INTO login_history VALUES(2846,48,1541384983);
INSERT INTO login_history VALUES(2847,96,1541391756);
INSERT INTO login_history VALUES(2848,23,1541399476);
INSERT INTO login_history VALUES(2849,87,1541412228);
INSERT INTO login_history VALUES(2850,32,1541417722);
INSERT INTO login_history VALUES(2851,54,1541417735);
INSERT INTO login_history VALUES(2852,42,1541430137);
INSERT INTO login_history VALUES(2853,15,1541433192);
INSERT INTO login_history VALUES(2854,75,1541441020);
INSERT INTO login_history VALUES(2855,19,1541443489);
INSERT INTO login_history VALUES(2856,23,1541450219);
INSERT INTO login_history VALUES(2857,34,1541451754);
INSERT INTO login_history VALUES(2858,19,1541451803);
INSERT INTO login_history VALUES(2859,6,1541452824);
INSERT INTO login_history VALUES(2860,100,1541462984);
INSERT INTO login_history VALUES(2861,70,1541463730);
INSERT INTO login_history VALUES(2862,19,1541464581);
INSERT INTO login_history VALUES(2863,83,1541467240);
INSERT INTO login_history VALUES(2864,56,1541468452);
INSERT INTO login_history VALUES(2865,63,1541471107);
INSERT INTO login_history VALUES(2866,75,1541473268);
INSERT INTO login_history VALUES(2867,67,1541477159);
INSERT INTO login_history VALUES(2868,16,1541481649);
INSERT INTO login_history VALUES(2869,75,1541481879);
INSERT INTO login_history VALUES(2870,79,1541481960);
INSERT INTO login_history VALUES(2871,20,1541486209);
INSERT INTO login_history VALUES(2872,88,1541487065);
INSERT INTO login_history VALUES(2873,48,1541487526);
INSERT INTO login_history VALUES(2874,47,1541488218);
INSERT INTO login_history VALUES(2875,97,1541489184);
INSERT INTO login_history VALUES(2876,19,1541489451);
INSERT INTO login_history VALUES(2877,23,1541496718);
INSERT INTO login_history VALUES(2878,97,1541515501);
INSERT INTO login_history VALUES(2879,20,1541520758);
INSERT INTO login_history VALUES(2880,97,1541524024);
INSERT INTO login_history VALUES(2881,97,1541527284);
INSERT INTO login_history VALUES(2882,15,1541533652);
INSERT INTO login_history VALUES(2883,63,1541544086);
INSERT INTO login_history VALUES(2884,41,1541555003);
INSERT INTO login_history VALUES(2885,51,1541558138);
INSERT INTO login_history VALUES(2886,28,1541570641);
INSERT INTO login_history VALUES(2887,86,1541574979);
INSERT INTO login_history VALUES(2888,97,1541575805);
INSERT INTO login_history VALUES(2889,87,1541589268);
INSERT INTO login_history VALUES(2890,27,1541589509);
INSERT INTO login_history VALUES(2891,72,1541589593);
INSERT INTO login_history VALUES(2892,33,1541593038);
INSERT INTO login_history VALUES(2893,21,1541597793);
INSERT INTO login_history VALUES(2894,97,1541598192);
INSERT INTO login_history VALUES(2895,38,1541598242);
INSERT INTO login_history VALUES(2896,19,1541625305);
INSERT INTO login_history VALUES(2897,20,1541627571);
INSERT INTO login_history VALUES(2898,72,1541632607);
INSERT INTO login_history VALUES(2899,8,1541640206);
INSERT INTO login_history VALUES(2900,35,1541641186);
INSERT INTO login_history VALUES(2901,50,1541641976);
INSERT INTO login_history VALUES(2902,70,1541645732);
INSERT INTO login_history VALUES(2903,97,1541653434);
INSERT INTO login_history VALUES(2904,75,1541670441);
INSERT INTO login_history VALUES(2905,56,1541676499);
INSERT INTO login_history VALUES(2906,86,1541684563);
INSERT INTO login_history VALUES(2907,17,1541688492);
INSERT INTO login_history VALUES(2908,16,1541694130);
INSERT INTO login_history VALUES(2909,100,1541699263);
INSERT INTO login_history VALUES(2910,87,1541701223);
INSERT INTO login_history VALUES(2911,8,1541708898);
INSERT INTO login_history VALUES(2912,18,1541711932);
INSERT INTO login_history VALUES(2913,33,1541718043);
INSERT INTO login_history VALUES(2914,34,1541718778);
INSERT INTO login_history VALUES(2915,20,1541724164);
INSERT INTO login_history VALUES(2916,21,1541724868);
INSERT INTO login_history VALUES(2917,87,1541728886);
INSERT INTO login_history VALUES(2918,2,1541744547);
INSERT INTO login_history VALUES(2919,71,1541751861);
INSERT INTO login_history VALUES(2920,66,1541759806);
INSERT INTO login_history VALUES(2921,19,1541771286);
INSERT INTO login_history VALUES(2922,20,1541771360);
INSERT INTO login_history VALUES(2923,20,1541773679);
INSERT INTO login_history VALUES(2924,21,1541774514);
INSERT INTO login_history VALUES(2925,82,1541776472);
INSERT INTO login_history VALUES(2926,75,1541779499);
INSERT INTO login_history VALUES(2927,44,1541780229);
INSERT INTO login_history VALUES(2928,70,1541795077);
INSERT INTO login_history VALUES(2929,8,1541819822);
INSERT INTO login_history VALUES(2930,44,1541828196);
INSERT INTO login_history VALUES(2931,82,1541830264);
INSERT INTO login_history VALUES(2932,87,1541833876);
INSERT INTO login_history VALUES(2933,97,1541842015);
INSERT INTO login_history VALUES(2934,97,1541844739);
INSERT INTO login_history VALUES(2935,11,1541846324);
INSERT INTO login_history VALUES(2936,70,1541848127);
INSERT INTO login_history VALUES(2937,70,1541853887);
INSERT INTO login_history VALUES(2938,48,1541854779);
INSERT INTO login_history VALUES(2939,86,1541862210);
INSERT INTO login_history VALUES(2940,8,1541866375);
INSERT INTO login_history VALUES(2941,24,1541880389);
INSERT INTO login_history VALUES(2942,19,1541898477);
INSERT INTO login_history VALUES(2943,21,1541901373);
INSERT INTO login_history VALUES(2944,21,1541901616);
INSERT INTO login_history VALUES(2945,97,1541902311);
INSERT INTO login_history VALUES(2946,34,1541904148);
INSERT INTO login_history VALUES(2947,87,1541909149);
INSERT INTO login_history VALUES(2948,54,1541917154);
INSERT INTO login_history VALUES(2949,15,1541917444);
INSERT INTO login_history VALUES(2950,83,1541921219);
INSERT INTO login_history VALUES(2951,38,1541928103);
INSERT INTO login_history VALUES(2952,55,1541930091);
INSERT INTO login_history VALUES(2953,34,1541930175);
INSERT INTO login_history VALUES(2954,23,1541936035);
INSERT INTO login_history VALUES(2955,70,1541936573);
INSERT INTO login_history VALUES(2956,2,1541950862);
INSERT INTO login_history VALUES(2957,44,1541956413);
INSERT INTO login_history VALUES(2958,28,1541964810);
INSERT INTO login_history VALUES(2959,16,1541965036);
INSERT INTO login_history VALUES(2960,80,1541970300);
INSERT INTO login_history VALUES(2961,20,1541986987);
INSERT INTO login_history VALUES(2962,97,1541994357);
INSERT INTO login_history VALUES(2963,8,1541996797);
INSERT INTO login_history VALUES(2964,25,1542002264);
INSERT INTO login_history VALUES(2965,57,1542012084);
INSERT INTO login_history VALUES(2966,32,1542020902);
INSERT INTO login_history VALUES(2967,21,1542084240);
INSERT INTO login_history VALUES(2968,5,1542089027);
INSERT INTO login_history VALUES(2969,57,1542109559);
INSERT INTO login_history VALUES(2970,27,1542110652);
INSERT INTO login_history VALUES(2971,21,1542131768);
INSERT INTO login_history VALUES(2972,56,1542144157);
INSERT INTO login_history VALUES(2973,99,1542149634);
INSERT INTO login_history VALUES(2974,72,1542149932);
INSERT INTO login_history VALUES(2975,50,1542159217);
INSERT INTO login_history VALUES(2976,8,1542176233);
INSERT INTO login_history VALUES(2977,97,1542177137);
INSERT INTO login_history VALUES(2978,38,1542186299);
INSERT INTO login_history VALUES(2979,50,1542209610);
INSERT INTO login_history VALUES(2980,87,1542209628);
INSERT INTO login_history VALUES(2981,16,1542216159);
INSERT INTO login_history VALUES(2982,100,1542227233);
INSERT INTO login_history VALUES(2983,72,1542238843);
INSERT INTO login_history VALUES(2984,66,1542248472);
INSERT INTO login_history VALUES(2985,70,1542253056);
INSERT INTO login_history VALUES(2986,52,1542254265);
INSERT INTO login_history VALUES(2987,48,1542267953);
INSERT INTO login_history VALUES(2988,41,1542269974);
INSERT INTO login_history VALUES(2989,75,1542280551);
INSERT INTO login_history VALUES(2990,24,1542294090);
INSERT INTO login_history VALUES(2991,70,1542294646);
INSERT INTO login_history VALUES(2992,74,1542298853);
INSERT INTO login_history VALUES(2993,27,1542309162);
INSERT INTO login_history VALUES(2994,8,1542312372);
INSERT INTO login_history VALUES(2995,68,1542315746);
INSERT INTO login_history VALUES(2996,20,1542319526);
INSERT INTO login_history VALUES(2997,37,1542330076);
INSERT INTO login_history VALUES(2998,97,1542334253);
INSERT INTO login_history VALUES(2999,72,1542340701);
INSERT INTO login_history VALUES(3000,77,1542342807);
INSERT INTO login_history VALUES(3001,87,1542344431);
INSERT INTO login_history VALUES(3002,8,1542353831);
INSERT INTO login_history VALUES(3003,21,1542357295);
INSERT INTO login_history VALUES(3004,36,1542365126);
INSERT INTO login_history VALUES(3005,24,1542377203);
INSERT INTO login_history VALUES(3006,97,1542379268);
INSERT INTO login_history VALUES(3007,57,1542380940);
INSERT INTO login_history VALUES(3008,70,1542386334);
INSERT INTO login_history VALUES(3009,87,1542391300);
INSERT INTO login_history VALUES(3010,32,1542393753);
INSERT INTO login_history VALUES(3011,70,1542394971);
INSERT INTO login_history VALUES(3012,53,1542409064);
INSERT INTO login_history VALUES(3013,8,1542411653);
INSERT INTO login_history VALUES(3014,55,1542412420);
INSERT INTO login_history VALUES(3015,82,1542419579);
INSERT INTO login_history VALUES(3016,87,1542421470);
INSERT INTO login_history VALUES(3017,48,1542424060);
INSERT INTO login_history VALUES(3018,66,1542432240);
INSERT INTO login_history VALUES(3019,38,1542434821);
INSERT INTO login_history VALUES(3020,37,1542440790);
INSERT INTO login_history VALUES(3021,87,1542445477);
INSERT INTO login_history VALUES(3022,8,1542456623);
INSERT INTO login_history VALUES(3023,72,1542463150);
INSERT INTO login_history VALUES(3024,60,1542467243);
INSERT INTO login_history VALUES(3025,50,1542474583);
INSERT INTO login_history VALUES(3026,16,1542475746);
INSERT INTO login_history VALUES(3027,21,1542480345);
INSERT INTO login_history VALUES(3028,70,1542486367);
INSERT INTO login_history VALUES(3029,87,1542486800);
INSERT INTO login_history VALUES(3030,34,1542488447);
INSERT INTO login_history VALUES(3031,97,1542493676);
INSERT INTO login_history VALUES(3032,24,1542496227);
INSERT INTO login_history VALUES(3033,97,1542499782);
INSERT INTO login_history VALUES(3034,11,1542507275);
INSERT INTO login_history VALUES(3035,50,1542509625);
INSERT INTO login_history VALUES(3036,8,1542511519);
INSERT INTO login_history VALUES(3037,95,1542514808);
INSERT INTO login_history VALUES(3038,19,1542515129);
INSERT INTO login_history VALUES(3039,87,1542519443);
INSERT INTO login_history VALUES(3040,100,1542520102);
INSERT INTO login_history VALUES(3041,98,1542528318);
INSERT INTO login_history VALUES(3042,5,1542529273);
INSERT INTO login_history VALUES(3043,97,1542531170);
INSERT INTO login_history VALUES(3044,8,1542541638);
INSERT INTO login_history VALUES(3045,97,1542542730);
INSERT INTO login_history VALUES(3046,20,1542546657);
INSERT INTO login_history VALUES(3047,97,1542560679);
INSERT INTO login_history VALUES(3048,34,1542565443);
INSERT INTO login_history VALUES(3049,25,1542567473);
INSERT INTO login_history VALUES(3050,70,1542571066);
INSERT INTO login_history VALUES(3051,20,1542571358);
INSERT INTO login_history VALUES(3052,65,1542576869);
INSERT INTO login_history VALUES(3053,67,1542581991);
INSERT INTO login_history VALUES(3054,48,1542584638);
INSERT INTO login_history VALUES(3055,48,1542586235);
INSERT INTO login_history VALUES(3056,81,1542588118);
INSERT INTO login_history VALUES(3057,88,1542589767);
INSERT INTO login_history VALUES(3058,70,1542597975);
INSERT INTO login_history VALUES(3059,87,1542602574);
INSERT INTO login_history VALUES(3060,23,1542603595);
INSERT INTO login_history VALUES(3061,21,1542605337);
INSERT INTO login_history VALUES(3062,19,1542608597);
INSERT INTO login_history VALUES(3063,21,1542614237);
INSERT INTO login_history VALUES(3064,94,1542626485);
INSERT INTO login_history VALUES(3065,16,1542626687);
INSERT INTO login_history VALUES(3066,97,1542628662);
INSERT INTO login_history VALUES(3067,27,1542640143);
INSERT INTO login_history VALUES(3068,31,1542643846);
INSERT INTO login_history VALUES(3069,87,1542647341);
INSERT INTO login_history VALUES(3070,48,1542651510);
INSERT INTO login_history VALUES(3071,16,1542652804);
INSERT INTO login_history VALUES(3072,57,1542660577);
INSERT INTO login_history VALUES(3073,8,1542665813);
INSERT INTO login_history VALUES(3074,24,1542668071);
INSERT INTO login_history VALUES(3075,98,1542679540);
INSERT INTO login_history VALUES(3076,51,1542684551);
INSERT INTO login_history VALUES(3077,8,1542684728);
INSERT INTO login_history VALUES(3078,87,1542685418);
INSERT INTO login_history VALUES(3079,39,1542690620);
INSERT INTO login_history VALUES(3080,20,1542699200);
INSERT INTO login_history VALUES(3081,19,1542708435);
INSERT INTO login_history VALUES(3082,3,1542711423);
INSERT INTO login_history VALUES(3083,48,1542712009);
INSERT INTO login_history VALUES(3084,38,1542712324);
INSERT INTO login_history VALUES(3085,20,1542723142);
INSERT INTO login_history VALUES(3086,25,1542733745);
INSERT INTO login_history VALUES(3087,84,1542735007);
INSERT INTO login_history VALUES(3088,41,1542739953);
INSERT INTO login_history VALUES(3089,37,1542740418);
INSERT INTO login_history VALUES(3090,40,1542742912);
INSERT INTO login_history VALUES(3091,87,1542761615);
INSERT INTO login_history VALUES(3092,21,1542762364);
INSERT INTO login_history VALUES(3093,52,1542768782);
INSERT INTO login_history VALUES(3094,21,1542770547);
INSERT INTO login_history VALUES(3095,60,1542777781);
INSERT INTO login_history VALUES(3096,41,1542790008);
INSERT INTO login_history VALUES(3097,48,1542790185);
INSERT INTO login_history VALUES(3098,8,1542793739);
INSERT INTO login_history VALUES(3099,50,1542794886);
INSERT INTO login_history VALUES(3100,25,1542802716);
INSERT INTO login_history VALUES(3101,8,1542808075);
INSERT INTO login_history VALUES(3102,41,1542814609);
INSERT INTO login_history VALUES(3103,75,1542834031);
INSERT INTO login_history VALUES(3104,35,1542839803);
INSERT INTO login_history VALUES(3105,88,1542845300);
INSERT INTO login_history VALUES(3106,73,1542865261);
INSERT INTO login_history VALUES(3107,88,1542868293);
INSERT INTO login_history VALUES(3108,67,1542869506);
INSERT INTO login_history VALUES(3109,16,1542869559);
INSERT INTO login_history VALUES(3110,61,1542871654);
INSERT INTO login_history VALUES(3111,21,1542875957);
INSERT INTO login_history VALUES(3112,20,1542878237);
INSERT INTO login_history VALUES(3113,67,1542888115);
INSERT INTO login_history VALUES(3114,97,1542893330);
INSERT INTO login_history VALUES(3115,20,1542913588);
INSERT INTO login_history VALUES(3116,21,1542914228);
INSERT INTO login_history VALUES(3117,16,1542915106);
INSERT INTO login_history VALUES(3118,38,1542916823);
INSERT INTO login_history VALUES(3119,57,1542920832);
INSERT INTO login_history VALUES(3120,50,1542923599);
INSERT INTO login_history VALUES(3121,76,1542934685);
INSERT INTO login_history VALUES(3122,55,1542936141);
INSERT INTO login_history VALUES(3123,97,1542940923);
INSERT INTO login_history VALUES(3124,16,1542974628);
INSERT INTO login_history VALUES(3125,36,1542974776);
INSERT INTO login_history VALUES(3126,97,1542975857);
INSERT INTO login_history VALUES(3127,8,1542977698);
INSERT INTO login_history VALUES(3128,20,1542990405);
INSERT INTO login_history VALUES(3129,79,1542996520);
INSERT INTO login_history VALUES(3130,87,1542996571);
INSERT INTO login_history VALUES(3131,67,1543001115);
INSERT INTO login_history VALUES(3132,65,1543004214);
INSERT INTO login_history VALUES(3133,100,1543067708);
INSERT INTO login_history VALUES(3134,33,1543071480);
INSERT INTO login_history VALUES(3135,12,1543071708);
INSERT INTO login_history VALUES(3136,97,1543081649);
INSERT INTO login_history VALUES(3137,81,1543090826);
INSERT INTO login_history VALUES(3138,74,1543091448);
INSERT INTO login_history VALUES(3139,70,1543091664);
INSERT INTO login_history VALUES(3140,70,1543095243);
INSERT INTO login_history VALUES(3141,20,1543098390);
INSERT INTO login_history VALUES(3142,20,1543112333);
INSERT INTO login_history VALUES(3143,8,1543119974);
INSERT INTO login_history VALUES(3144,79,1543126850);
INSERT INTO login_history VALUES(3145,21,1543131125);
INSERT INTO login_history VALUES(3146,41,1543134110);
INSERT INTO login_history VALUES(3147,8,1543140871);
INSERT INTO login_history VALUES(3148,18,1543143376);
INSERT INTO login_history VALUES(3149,50,1543149213);
INSERT INTO login_history VALUES(3150,20,1543150370);
INSERT INTO login_history VALUES(3151,63,1543161997);
INSERT INTO login_history VALUES(3152,61,1543166548);
INSERT INTO login_history VALUES(3153,97,1543180425);
INSERT INTO login_history VALUES(3154,38,1543186792);
INSERT INTO login_history VALUES(3155,79,1543188279);
INSERT INTO login_history VALUES(3156,97,1543189158);
INSERT INTO login_history VALUES(3157,70,1543189255);
INSERT INTO login_history VALUES(3158,16,1543195831);
INSERT INTO login_history VALUES(3159,19,1543203447);
INSERT INTO login_history VALUES(3160,48,1543209797);
INSERT INTO login_history VALUES(3161,97,1543215182);
INSERT INTO login_history VALUES(3162,97,1543224989);
INSERT INTO login_history VALUES(3163,97,1543226753);
INSERT INTO login_history VALUES(3164,23,1543228035);
INSERT INTO login_history VALUES(3165,44,1543240719);
INSERT INTO login_history VALUES(3166,20,1543244687);
INSERT INTO login_history VALUES(3167,26,1543255304);
INSERT INTO login_history VALUES(3168,70,1543255929);
INSERT INTO login_history VALUES(3169,88,1543258736);
INSERT INTO login_history VALUES(3170,97,1543263303);
INSERT INTO login_history VALUES(3171,8,1543264574);
INSERT INTO login_history VALUES(3172,16,1543266087);
INSERT INTO login_history VALUES(3173,8,1543267747);
INSERT INTO login_history VALUES(3174,97,1543275502);
INSERT INTO login_history VALUES(3175,82,1543299997);
INSERT INTO login_history VALUES(3176,11,1543301417);
INSERT INTO login_history VALUES(3177,20,1543306407);
INSERT INTO login_history VALUES(3178,15,1543310264);
INSERT INTO login_history VALUES(3179,42,1543310265);
INSERT INTO login_history VALUES(3180,63,1543318175);
INSERT INTO login_history VALUES(3181,97,1543318254);
INSERT INTO login_history VALUES(3182,28,1543320486);
INSERT INTO login_history VALUES(3183,79,1543324540);
INSERT INTO login_history VALUES(3184,8,1543326241);
INSERT INTO login_history VALUES(3185,97,1543326519);
INSERT INTO login_history VALUES(3186,20,1543334447);
INSERT INTO login_history VALUES(3187,8,1543339875);
INSERT INTO login_history VALUES(3188,8,1543347400);
INSERT INTO login_history VALUES(3189,72,1543348274);
INSERT INTO login_history VALUES(3190,41,1543348460);
INSERT INTO login_history VALUES(3191,71,1543350564);
INSERT INTO login_history VALUES(3192,97,1543366166);
INSERT INTO login_history VALUES(3193,8,1543370290);
INSERT INTO login_history VALUES(3194,38,1543373249);
INSERT INTO login_history VALUES(3195,48,1543374958);
INSERT INTO login_history VALUES(3196,13,1543376549);
INSERT INTO login_history VALUES(3197,8,1543377618);
INSERT INTO login_history VALUES(3198,20,1543389782);
INSERT INTO login_history VALUES(3199,12,1543389811);
INSERT INTO login_history VALUES(3200,21,1543393542);
INSERT INTO login_history VALUES(3201,72,1543400915);
INSERT INTO login_history VALUES(3202,34,1543404775);
INSERT INTO login_history VALUES(3203,57,1543416290);
INSERT INTO login_history VALUES(3204,67,1543421146);
INSERT INTO login_history VALUES(3205,20,1543422042);
INSERT INTO login_history VALUES(3206,87,1543425298);
INSERT INTO login_history VALUES(3207,87,1543427013);
INSERT INTO login_history VALUES(3208,45,1543430666);
INSERT INTO login_history VALUES(3209,70,1543437889);
INSERT INTO login_history VALUES(3210,97,1543442676);
INSERT INTO login_history VALUES(3211,36,1543443584);
INSERT INTO login_history VALUES(3212,70,1543445934);
INSERT INTO login_history VALUES(3213,35,1543451497);
INSERT INTO login_history VALUES(3214,8,1543452765);
INSERT INTO login_history VALUES(3215,97,1543454102);
INSERT INTO login_history VALUES(3216,20,1543456090);
INSERT INTO login_history VALUES(3217,8,1543471327);
INSERT INTO login_history VALUES(3218,36,1543471830);
INSERT INTO login_history VALUES(3219,38,1543473063);
INSERT INTO login_history VALUES(3220,8,1543476806);
INSERT INTO login_history VALUES(3221,70,1543490827);
INSERT INTO login_history VALUES(3222,8,1543497978);
INSERT INTO login_history VALUES(3223,20,1543504062);
INSERT INTO login_history VALUES(3224,88,1543509123);
INSERT INTO login_history VALUES(3225,23,1543510945);
INSERT INTO login_history VALUES(3226,33,1543517359);
INSERT INTO login_history VALUES(3227,16,1543541851);
INSERT INTO login_history VALUES(3228,48,1543542773);
INSERT INTO login_history VALUES(3229,79,1543544632);
INSERT INTO login_history VALUES(3230,20,1543545007);
INSERT INTO login_history VALUES(3231,55,1543564886);
INSERT INTO login_history VALUES(3232,91,1543567730);
INSERT INTO login_history VALUES(3233,2,1543568143);
INSERT INTO login_history VALUES(3234,72,1543572856);
INSERT INTO login_history VALUES(3235,8,1543575675);
INSERT INTO login_history VALUES(3236,48,1543590047);
INSERT INTO login_history VALUES(3237,20,1543592675);
INSERT INTO login_history VALUES(3238,6,1543598500);
INSERT INTO login_history VALUES(3239,92,1543602553);
INSERT INTO login_history VALUES(3240,100,1543608665);
INSERT INTO login_history VALUES(3241,21,1543612984);
INSERT INTO login_history VALUES(3242,86,1543618107);
INSERT INTO login_history VALUES(3243,25,1543625309);
INSERT INTO login_history VALUES(3244,70,1543630704);
INSERT INTO login_history VALUES(3245,97,1543631505);
INSERT INTO login_history VALUES(3246,86,1543638013);
INSERT INTO login_history VALUES(3247,49,1543645043);
INSERT INTO login_history VALUES(3248,20,1543646472);
INSERT INTO login_history VALUES(3249,20,1543683457);
INSERT INTO login_history VALUES(3250,97,1543685135);
INSERT INTO login_history VALUES(3251,97,1543688345);
INSERT INTO login_history VALUES(3252,40,1543688717);
INSERT INTO login_history VALUES(3253,67,1543692462);
INSERT INTO login_history VALUES(3254,19,1543694512);
INSERT INTO login_history VALUES(3255,27,1543703813);
INSERT INTO login_history VALUES(3256,63,1543703960);
INSERT INTO login_history VALUES(3257,38,1543705668);
INSERT INTO login_history VALUES(3258,24,1543707465);
INSERT INTO login_history VALUES(3259,97,1543710278);
INSERT INTO login_history VALUES(3260,48,1543712376);
INSERT INTO login_history VALUES(3261,23,1543723615);
INSERT INTO login_history VALUES(3262,57,1543730049);
INSERT INTO login_history VALUES(3263,18,1543730255);
INSERT INTO login_history VALUES(3264,86,1543737440);
INSERT INTO login_history VALUES(3265,75,1543737623);
INSERT INTO login_history VALUES(3266,61,1543742895);
INSERT INTO login_history VALUES(3267,52,1543750430);
INSERT INTO login_history VALUES(3268,8,1543753885);
INSERT INTO login_history VALUES(3269,87,1543755756);
INSERT INTO login_history VALUES(3270,53,1543767847);
INSERT INTO login_history VALUES(3271,54,1543783628);
INSERT INTO login_history VALUES(3272,33,1543788655);
INSERT INTO login_history VALUES(3273,34,1543790440);
INSERT INTO login_history VALUES(3274,3,1543792080);
INSERT INTO login_history VALUES(3275,8,1543795013);
INSERT INTO login_history VALUES(3276,70,1543797013);
INSERT INTO login_history VALUES(3277,15,1543801633);
INSERT INTO login_history VALUES(3278,97,1543811368);
INSERT INTO login_history VALUES(3279,34,1543812919);
INSERT INTO login_history VALUES(3280,66,1543828333);
INSERT INTO login_history VALUES(3281,18,1543838839);
INSERT INTO login_history VALUES(3282,8,1543840314);
INSERT INTO login_history VALUES(3283,70,1543849255);
INSERT INTO login_history VALUES(3284,8,1543860187);
INSERT INTO login_history VALUES(3285,72,1543872329);
INSERT INTO login_history VALUES(3286,23,1543889279);
INSERT INTO login_history VALUES(3287,36,1543890017);
INSERT INTO login_history VALUES(3288,8,1543894291);
INSERT INTO login_history VALUES(3289,18,1543895523);
INSERT INTO login_history VALUES(3290,35,1543895933);
INSERT INTO login_history VALUES(3291,87,1543903672);
INSERT INTO login_history VALUES(3292,38,1543904553);
INSERT INTO login_history VALUES(3293,97,1543905838);
INSERT INTO login_history VALUES(3294,99,1543909397);
INSERT INTO login_history VALUES(3295,24,1543924136);
INSERT INTO login_history VALUES(3296,70,1543925159);
INSERT INTO login_history VALUES(3297,97,1543932595);
INSERT INTO login_history VALUES(3298,11,1543934519);
INSERT INTO login_history VALUES(3299,9,1543935867);
INSERT INTO login_history VALUES(3300,31,1543938015);
INSERT INTO login_history VALUES(3301,97,1543944628);
INSERT INTO login_history VALUES(3302,97,1543946766);
INSERT INTO login_history VALUES(3303,20,1543981498);
INSERT INTO login_history VALUES(3304,16,1543986699);
INSERT INTO login_history VALUES(3305,87,1543988464);
INSERT INTO login_history VALUES(3306,97,1543995036);
INSERT INTO login_history VALUES(3307,20,1543997655);
INSERT INTO login_history VALUES(3308,85,1544005045);
INSERT INTO login_history VALUES(3309,20,1544011452);
INSERT INTO login_history VALUES(3310,8,1544011530);
INSERT INTO login_history VALUES(3311,19,1544013014);
INSERT INTO login_history VALUES(3312,20,1544016935);
INSERT INTO login_history VALUES(3313,50,1544017182);
INSERT INTO login_history VALUES(3314,70,1544018424);
INSERT INTO login_history VALUES(3315,97,1544029573);
INSERT INTO login_history VALUES(3316,20,1544032125);
INSERT INTO login_history VALUES(3317,48,1544051356);
INSERT INTO login_history VALUES(3318,72,1544052733);
INSERT INTO login_history VALUES(3319,48,1544060417);
INSERT INTO login_history VALUES(3320,21,1544066989);
INSERT INTO login_history VALUES(3321,16,1544079913);
INSERT INTO login_history VALUES(3322,8,1544085771);
INSERT INTO login_history VALUES(3323,70,1544087850);
INSERT INTO login_history VALUES(3324,2,1544096656);
INSERT INTO login_history VALUES(3325,67,1544096724);
INSERT INTO login_history VALUES(3326,36,1544099409);
INSERT INTO login_history VALUES(3327,8,1544099681);
INSERT INTO login_history VALUES(3328,8,1544100449);
INSERT INTO login_history VALUES(3329,97,1544102685);
INSERT INTO login_history VALUES(3330,70,1544109751);
INSERT INTO login_history VALUES(3331,87,1544118466);
INSERT INTO login_history VALUES(3332,16,1544118926);
INSERT INTO login_history VALUES(3333,70,1544149369);
INSERT INTO login_history VALUES(3334,97,1544152709);
INSERT INTO login_history VALUES(3335,20,1544160404);
INSERT INTO login_history VALUES(3336,32,1544207140);
INSERT INTO login_history VALUES(3337,31,1544208334);
INSERT INTO login_history VALUES(3338,42,1544209797);
INSERT INTO login_history VALUES(3339,88,1544214780);
INSERT INTO login_history VALUES(3340,18,1544225752);
INSERT INTO login_history VALUES(3341,16,1544233052);
INSERT INTO login_history VALUES(3342,38,1544233619);
INSERT INTO login_history VALUES(3343,64,1544234730);
INSERT INTO login_history VALUES(3344,2,1544235552);
INSERT INTO login_history VALUES(3345,8,1544238472);
INSERT INTO login_history VALUES(3346,18,1544245645);
INSERT INTO login_history VALUES(3347,20,1544258949);
INSERT INTO login_history VALUES(3348,24,1544259590);
INSERT INTO login_history VALUES(3349,19,1544270038);
INSERT INTO login_history VALUES(3350,63,1544284973);
INSERT INTO login_history VALUES(3351,20,1544293062);
INSERT INTO login_history VALUES(3352,100,1544293594);
INSERT INTO login_history VALUES(3353,65,1544301110);
INSERT INTO login_history VALUES(3354,14,1544302105);
INSERT INTO login_history VALUES(3355,97,1544325612);
INSERT INTO login_history VALUES(3356,37,1544326783);
INSERT INTO login_history VALUES(3357,33,1544344370);
INSERT INTO login_history VALUES(3358,35,1544348897);
INSERT INTO login_history VALUES(3359,25,1544373734);
INSERT INTO login_history VALUES(3360,11,1544390260);
INSERT INTO login_history VALUES(3361,97,1544392976);
INSERT INTO login_history VALUES(3362,70,1544393453);
INSERT INTO login_history VALUES(3363,20,1544395692);
INSERT INTO login_history VALUES(3364,18,1544397483);
INSERT INTO login_history VALUES(3365,20,1544412604);
INSERT INTO login_history VALUES(3366,37,1544414918);
INSERT INTO login_history VALUES(3367,38,1544416867);
INSERT INTO login_history VALUES(3368,39,1544418547);
INSERT INTO login_history VALUES(3369,15,1544418981);
INSERT INTO login_history VALUES(3370,20,1544422887);
INSERT INTO login_history VALUES(3371,66,1544424842);
INSERT INTO login_history VALUES(3372,87,1544428290);
INSERT INTO login_history VALUES(3373,20,1544434535);
INSERT INTO login_history VALUES(3374,8,1544436149);
INSERT INTO login_history VALUES(3375,42,1544449195);
INSERT INTO login_history VALUES(3376,100,1544454001);
INSERT INTO login_history VALUES(3377,20,1544457134);
INSERT INTO login_history VALUES(3378,69,1544457327);
INSERT INTO login_history VALUES(3379,11,1544462005);
INSERT INTO login_history VALUES(3380,19,1544481915);
INSERT INTO login_history VALUES(3381,71,1544484817);
INSERT INTO login_history VALUES(3382,63,1544486919);
INSERT INTO login_history VALUES(3383,87,1544496050);
INSERT INTO login_history VALUES(3384,97,1544504218);
INSERT INTO login_history VALUES(3385,8,1544506604);
INSERT INTO login_history VALUES(3386,68,1544508880);
INSERT INTO login_history VALUES(3387,97,1544509814);
INSERT INTO login_history VALUES(3388,64,1544519497);
INSERT INTO login_history VALUES(3389,97,1544528970);
INSERT INTO login_history VALUES(3390,16,1544533911);
INSERT INTO login_history VALUES(3391,79,1544566265);
INSERT INTO login_history VALUES(3392,20,1544568054);
INSERT INTO login_history VALUES(3393,79,1544571860);
INSERT INTO login_history VALUES(3394,61,1544591468);
INSERT INTO login_history VALUES(3395,39,1544591767);
INSERT INTO login_history VALUES(3396,20,1544595938);
INSERT INTO login_history VALUES(3397,67,1544596430);
INSERT INTO login_history VALUES(3398,20,1544605877);
INSERT INTO login_history VALUES(3399,97,1544616037);
INSERT INTO login_history VALUES(3400,88,1544624805);
INSERT INTO login_history VALUES(3401,44,1544629138);
INSERT INTO login_history VALUES(3402,20,1544631945);
INSERT INTO login_history VALUES(3403,20,1544641918);
INSERT INTO login_history VALUES(3404,97,1544642621);
INSERT INTO login_history VALUES(3405,97,1544649853);
INSERT INTO login_history VALUES(3406,97,1544654033);
INSERT INTO login_history VALUES(3407,67,1544661840);
INSERT INTO login_history VALUES(3408,64,1544662528);
INSERT INTO login_history VALUES(3409,70,1544667106);
INSERT INTO login_history VALUES(3410,97,1544669026);
INSERT INTO login_history VALUES(3411,33,1544672519);
INSERT INTO login_history VALUES(3412,72,1544678582);
INSERT INTO login_history VALUES(3413,48,1544682731);
INSERT INTO login_history VALUES(3414,8,1544685726);
INSERT INTO login_history VALUES(3415,7,1544687415);
INSERT INTO login_history VALUES(3416,61,1544690795);
INSERT INTO login_history VALUES(3417,8,1544700563);
INSERT INTO login_history VALUES(3418,20,1544711459);
INSERT INTO login_history VALUES(3419,4,1544717541);
INSERT INTO login_history VALUES(3420,8,1544717689);
INSERT INTO login_history VALUES(3421,50,1544730120);
INSERT INTO login_history VALUES(3422,75,1544731242);
INSERT INTO login_history VALUES(3423,20,1544740335);
INSERT INTO login_history VALUES(3424,63,1544746007);
INSERT INTO login_history VALUES(3425,99,1544756647);
INSERT INTO login_history VALUES(3426,20,1544767632);
INSERT INTO login_history VALUES(3427,20,1544777743);
INSERT INTO login_history VALUES(3428,97,1544780076);
INSERT INTO login_history VALUES(3429,52,1544791925);
INSERT INTO login_history VALUES(3430,8,1544804947);
INSERT INTO login_history VALUES(3431,20,1544806096);
INSERT INTO login_history VALUES(3432,18,1544806403);
INSERT INTO login_history VALUES(3433,40,1544823017);
INSERT INTO login_history VALUES(3434,27,1544826226);
INSERT INTO login_history VALUES(3435,40,1544830776);
INSERT INTO login_history VALUES(3436,20,1544842012);
INSERT INTO login_history VALUES(3437,8,1544847551);
INSERT INTO login_history VALUES(3438,23,1544855653);
INSERT INTO login_history VALUES(3439,19,1544858553);
INSERT INTO login_history VALUES(3440,79,1544874732);
INSERT INTO login_history VALUES(3441,63,1544884712);
INSERT INTO login_history VALUES(3442,66,1544899075);
INSERT INTO login_history VALUES(3443,8,1544901671);
INSERT INTO login_history VALUES(3444,52,1544911182);
INSERT INTO login_history VALUES(3445,4,1544920248);
INSERT INTO login_history VALUES(3446,70,1544929707);
INSERT INTO login_history VALUES(3447,16,1544931409);
INSERT INTO login_history VALUES(3448,20,1544932068);
INSERT INTO login_history VALUES(3449,97,1544933470);
INSERT INTO login_history VALUES(3450,87,1544933804);
INSERT INTO login_history VALUES(3451,35,1544934214);
INSERT INTO login_history VALUES(3452,20,1544947213);
INSERT INTO login_history VALUES(3453,20,1544954441);
INSERT INTO login_history VALUES(3454,32,1544955491);
INSERT INTO login_history VALUES(3455,41,1544957899);
INSERT INTO login_history VALUES(3456,87,1544959937);
INSERT INTO login_history VALUES(3457,11,1544962088);
INSERT INTO login_history VALUES(3458,70,1544964050);
INSERT INTO login_history VALUES(3459,18,1544966631);
INSERT INTO login_history VALUES(3460,92,1544984020);
INSERT INTO login_history VALUES(3461,55,1544985049);
INSERT INTO login_history VALUES(3462,70,1544985861);
INSERT INTO login_history VALUES(3463,64,1544997046);
INSERT INTO login_history VALUES(3464,11,1544999274);
INSERT INTO login_history VALUES(3465,82,1545015953);
INSERT INTO login_history VALUES(3466,16,1545031070);
INSERT INTO login_history VALUES(3467,51,1545031558);
INSERT INTO login_history VALUES(3468,8,1545038732);
INSERT INTO login_history VALUES(3469,63,1545044696);
INSERT INTO login_history VALUES(3470,20,1545044859);
INSERT INTO login_history VALUES(3471,88,1545049996);
INSERT INTO login_history VALUES(3472,41,1545050585);
INSERT INTO login_history VALUES(3473,37,1545051443);
INSERT INTO login_history VALUES(3474,20,1545052336);
INSERT INTO login_history VALUES(3475,65,1545054513);
INSERT INTO login_history VALUES(3476,23,1545054929);
INSERT INTO login_history VALUES(3477,52,1545055764);
INSERT INTO login_history VALUES(3478,20,1545058429);
INSERT INTO login_history VALUES(3479,50,1545065235);
INSERT INTO login_history VALUES(3480,93,1545072434);
INSERT INTO login_history VALUES(3481,20,1545075132);
INSERT INTO login_history VALUES(3482,13,1545089025);
INSERT INTO login_history VALUES(3483,82,1545089529);
INSERT INTO login_history VALUES(3484,34,1545098400);
INSERT INTO login_history VALUES(3485,20,1545107481);
INSERT INTO login_history VALUES(3486,72,1545113410);
INSERT INTO login_history VALUES(3487,63,1545133370);
INSERT INTO login_history VALUES(3488,71,1545137044);
INSERT INTO login_history VALUES(3489,15,1545139794);
INSERT INTO login_history VALUES(3490,27,1545145232);
INSERT INTO login_history VALUES(3491,97,1545149102);
INSERT INTO login_history VALUES(3492,99,1545152324);
INSERT INTO login_history VALUES(3493,20,1545167886);
INSERT INTO login_history VALUES(3494,76,1545200987);
INSERT INTO login_history VALUES(3495,8,1545204876);
INSERT INTO login_history VALUES(3496,97,1545210078);
INSERT INTO login_history VALUES(3497,48,1545216029);
INSERT INTO login_history VALUES(3498,20,1545238026);
INSERT INTO login_history VALUES(3499,8,1545245377);
INSERT INTO login_history VALUES(3500,20,1545247335);
INSERT INTO login_history VALUES(3501,64,1545248706);
INSERT INTO login_history VALUES(3502,88,1545249785);
INSERT INTO login_history VALUES(3503,48,1545250957);
INSERT INTO login_history VALUES(3504,39,1545258994);
INSERT INTO login_history VALUES(3505,66,1545265053);
INSERT INTO login_history VALUES(3506,34,1545276841);
INSERT INTO login_history VALUES(3507,20,1545280990);
INSERT INTO login_history VALUES(3508,12,1545283155);
INSERT INTO login_history VALUES(3509,75,1545285523);
INSERT INTO login_history VALUES(3510,8,1545298637);
INSERT INTO login_history VALUES(3511,80,1545298949);
INSERT INTO login_history VALUES(3512,66,1545309623);
INSERT INTO login_history VALUES(3513,73,1545313014);
INSERT INTO login_history VALUES(3514,11,1545315215);
INSERT INTO login_history VALUES(3515,38,1545316912);
INSERT INTO login_history VALUES(3516,8,1545318064);
INSERT INTO login_history VALUES(3517,79,1545324447);
INSERT INTO login_history VALUES(3518,23,1545325963);
INSERT INTO login_history VALUES(3519,88,1545327869);
INSERT INTO login_history VALUES(3520,48,1545335717);
INSERT INTO login_history VALUES(3521,48,1545342255);
INSERT INTO login_history VALUES(3522,88,1545344489);
INSERT INTO login_history VALUES(3523,51,1545381867);
INSERT INTO login_history VALUES(3524,31,1545389679);
INSERT INTO login_history VALUES(3525,23,1545399876);
INSERT INTO login_history VALUES(3526,20,1545402312);
INSERT INTO login_history VALUES(3527,8,1545404574);
INSERT INTO login_history VALUES(3528,87,1545406695);
INSERT INTO login_history VALUES(3529,63,1545407350);
INSERT INTO login_history VALUES(3530,20,1545409674);
INSERT INTO login_history VALUES(3531,20,1545411848);
INSERT INTO login_history VALUES(3532,87,1545426957);
INSERT INTO login_history VALUES(3533,11,1545435512);
INSERT INTO login_history VALUES(3534,20,1545442678);
INSERT INTO login_history VALUES(3535,8,1545452768);
INSERT INTO login_history VALUES(3536,19,1545469281);
INSERT INTO login_history VALUES(3537,97,1545472732);
INSERT INTO login_history VALUES(3538,24,1545480760);
INSERT INTO login_history VALUES(3539,73,1545484621);
INSERT INTO login_history VALUES(3540,48,1545488162);
INSERT INTO login_history VALUES(3541,48,1545490340);
INSERT INTO login_history VALUES(3542,35,1545496249);
INSERT INTO login_history VALUES(3543,97,1545497817);
INSERT INTO login_history VALUES(3544,69,1545520572);
INSERT INTO login_history VALUES(3545,98,1545521226);
INSERT INTO login_history VALUES(3546,72,1545525686);
INSERT INTO login_history VALUES(3547,20,1545528509);
INSERT INTO login_history VALUES(3548,97,1545530852);
INSERT INTO login_history VALUES(3549,98,1545536020);
INSERT INTO login_history VALUES(3550,3,1545536407);
INSERT INTO login_history VALUES(3551,87,1545542757);
INSERT INTO login_history VALUES(3552,20,1545546913);
INSERT INTO login_history VALUES(3553,97,1545549348);
INSERT INTO login_history VALUES(3554,8,1545552995);
INSERT INTO login_history VALUES(3555,23,1545558431);
INSERT INTO login_history VALUES(3556,8,1545566823);
INSERT INTO login_history VALUES(3557,97,1545570144);
INSERT INTO login_history VALUES(3558,32,1545578394);
INSERT INTO login_history VALUES(3559,20,1545584443);
INSERT INTO login_history VALUES(3560,97,1545590588);
INSERT INTO login_history VALUES(3561,97,1545601842);
INSERT INTO login_history VALUES(3562,48,1545602860);
INSERT INTO login_history VALUES(3563,63,1545604194);
INSERT INTO login_history VALUES(3564,100,1545604633);
INSERT INTO login_history VALUES(3565,99,1545609163);
INSERT INTO login_history VALUES(3566,32,1545620156);
INSERT INTO login_history VALUES(3567,71,1545637549);
INSERT INTO login_history VALUES(3568,48,1545644661);
INSERT INTO login_history VALUES(3569,64,1545646825);
INSERT INTO login_history VALUES(3570,99,1545647246);
INSERT INTO login_history VALUES(3571,36,1545653875);
INSERT INTO login_history VALUES(3572,41,1545654404);
INSERT INTO login_history VALUES(3573,36,1545662593);
INSERT INTO login_history VALUES(3574,52,1545677552);
INSERT INTO login_history VALUES(3575,21,1545683076);
INSERT INTO login_history VALUES(3576,5,1545684791);
INSERT INTO login_history VALUES(3577,67,1545695978);
INSERT INTO login_history VALUES(3578,87,1545701387);
INSERT INTO login_history VALUES(3579,27,1545715515);
INSERT INTO login_history VALUES(3580,7,1545715657);
INSERT INTO login_history VALUES(3581,66,1545717026);
INSERT INTO login_history VALUES(3582,20,1545732312);
INSERT INTO login_history VALUES(3583,88,1545735355);
INSERT INTO login_history VALUES(3584,8,1545736030);
INSERT INTO login_history VALUES(3585,75,1545739056);
INSERT INTO login_history VALUES(3586,16,1545740628);
INSERT INTO login_history VALUES(3587,48,1545752858);
INSERT INTO login_history VALUES(3588,52,1545754789);
INSERT INTO login_history VALUES(3589,64,1545754990);
INSERT INTO login_history VALUES(3590,19,1545759174);
INSERT INTO login_history VALUES(3591,97,1545767655);
INSERT INTO login_history VALUES(3592,20,1545772562);
INSERT INTO login_history VALUES(3593,8,1545775363);
INSERT INTO login_history VALUES(3594,24,1545794975);
INSERT INTO login_history VALUES(3595,18,1545801009);
INSERT INTO login_history VALUES(3596,15,1545803301);
INSERT INTO login_history VALUES(3597,97,1545803434);
INSERT INTO login_history VALUES(3598,20,1545810264);
INSERT INTO login_history VALUES(3599,52,1545812563);
INSERT INTO login_history VALUES(3600,20,1545822950);
INSERT INTO login_history VALUES(3601,8,1545839546);
INSERT INTO login_history VALUES(3602,65,1545856619);
INSERT INTO login_history VALUES(3603,34,1545863317);
INSERT INTO login_history VALUES(3604,31,1545867441);
INSERT INTO login_history VALUES(3605,27,1545875439);
INSERT INTO login_history VALUES(3606,75,1545878428);
INSERT INTO login_history VALUES(3607,66,1545887445);
INSERT INTO login_history VALUES(3608,88,1545890332);
INSERT INTO login_history VALUES(3609,88,1545891192);
INSERT INTO login_history VALUES(3610,44,1545892939);
INSERT INTO login_history VALUES(3611,23,1545893442);
INSERT INTO login_history VALUES(3612,31,1545896083);
INSERT INTO login_history VALUES(3613,34,1545904141);
INSERT INTO login_history VALUES(3614,97,1545915856);
INSERT INTO login_history VALUES(3615,27,1545926429);
INSERT INTO login_history VALUES(3616,20,1545927746);
INSERT INTO login_history VALUES(3617,23,1545931971);
INSERT INTO login_history VALUES(3618,17,1545936269);
INSERT INTO login_history VALUES(3619,18,1545941782);
INSERT INTO login_history VALUES(3620,87,1545944566);
INSERT INTO login_history VALUES(3621,11,1545946926);
INSERT INTO login_history VALUES(3622,20,1545952230);
INSERT INTO login_history VALUES(3623,39,1545958444);
INSERT INTO login_history VALUES(3624,19,1545962755);
INSERT INTO login_history VALUES(3625,8,1545968638);
INSERT INTO login_history VALUES(3626,11,1545968998);
INSERT INTO login_history VALUES(3627,74,1545969896);
INSERT INTO login_history VALUES(3628,20,1545971409);
INSERT INTO login_history VALUES(3629,64,1545972293);
INSERT INTO login_history VALUES(3630,6,1545973572);
INSERT INTO login_history VALUES(3631,28,1545976082);
INSERT INTO login_history VALUES(3632,12,1545993174);
INSERT INTO login_history VALUES(3633,70,1545996511);
INSERT INTO login_history VALUES(3634,50,1545996629);
INSERT INTO login_history VALUES(3635,53,1546008888);
INSERT INTO login_history VALUES(3636,73,1546018838);
INSERT INTO login_history VALUES(3637,20,1546030890);
INSERT INTO login_history VALUES(3638,32,1546033064);
INSERT INTO login_history VALUES(3639,97,1546037615);
INSERT INTO login_history VALUES(3640,73,1546040347);
INSERT INTO login_history VALUES(3641,48,1546046807);
INSERT INTO login_history VALUES(3642,80,1546057426);
INSERT INTO login_history VALUES(3643,27,1546075007);
INSERT INTO login_history VALUES(3644,50,1546075934);
INSERT INTO login_history VALUES(3645,20,1546085193);
INSERT INTO login_history VALUES(3646,74,1546087689);
INSERT INTO login_history VALUES(3647,86,1546089753);
INSERT INTO login_history VALUES(3648,11,1546095450);
INSERT INTO login_history VALUES(3649,38,1546097099);
INSERT INTO login_history VALUES(3650,68,1546102121);
INSERT INTO login_history VALUES(3651,74,1546114521);
INSERT INTO login_history VALUES(3652,16,1546114966);
INSERT INTO login_history VALUES(3653,48,1546115374);
INSERT INTO login_history VALUES(3654,63,1546115603);
INSERT INTO login_history VALUES(3655,20,1546117848);
INSERT INTO login_history VALUES(3656,8,1546124924);
INSERT INTO login_history VALUES(3657,63,1546141175);
INSERT INTO login_history VALUES(3658,34,1546144471);
INSERT INTO login_history VALUES(3659,100,1546154285);
INSERT INTO login_history VALUES(3660,32,1546166336);
INSERT INTO login_history VALUES(3661,20,1546175488);
INSERT INTO login_history VALUES(3662,38,1546178144);
INSERT INTO login_history VALUES(3663,64,1546185254);
INSERT INTO login_history VALUES(3664,99,1546192651);
INSERT INTO login_history VALUES(3665,18,1546216644);
INSERT INTO login_history VALUES(3666,33,1546221932);
INSERT INTO login_history VALUES(3667,48,1546224418);
INSERT INTO login_history VALUES(3668,48,1546226355);
INSERT INTO login_history VALUES(3669,83,1546230738);
INSERT INTO login_history VALUES(3670,68,1546248921);
INSERT INTO login_history VALUES(3671,88,1546255357);
INSERT INTO login_history VALUES(3672,12,1546257261);
INSERT INTO login_history VALUES(3673,23,1546274088);
INSERT INTO login_history VALUES(3674,63,1546296781);
INSERT INTO login_history VALUES(3675,15,1546298668);
INSERT INTO login_history VALUES(3676,99,1546306747);
INSERT INTO login_history VALUES(3677,63,1546327310);
INSERT INTO login_history VALUES(3678,42,1546334473);
INSERT INTO login_history VALUES(3679,8,1546335365);
INSERT INTO login_history VALUES(3680,70,1546350355);
INSERT INTO login_history VALUES(3681,98,1546360006);
INSERT INTO login_history VALUES(3682,97,1546361242);
INSERT INTO login_history VALUES(3683,62,1546363487);
INSERT INTO login_history VALUES(3684,23,1546369084);
INSERT INTO login_history VALUES(3685,97,1546369435);
INSERT INTO login_history VALUES(3686,20,1546377659);
INSERT INTO login_history VALUES(3687,88,1546382033);
INSERT INTO login_history VALUES(3688,64,1546385072);
INSERT INTO login_history VALUES(3689,33,1546387077);
INSERT INTO login_history VALUES(3690,8,1546389421);
INSERT INTO login_history VALUES(3691,88,1546390512);
INSERT INTO login_history VALUES(3692,34,1546392566);
INSERT INTO login_history VALUES(3693,27,1546402228);
INSERT INTO login_history VALUES(3694,63,1546406837);
INSERT INTO login_history VALUES(3695,73,1546413462);
INSERT INTO login_history VALUES(3696,20,1546418820);
INSERT INTO login_history VALUES(3697,99,1546424671);
INSERT INTO login_history VALUES(3698,27,1546424721);
INSERT INTO login_history VALUES(3699,73,1546435553);
INSERT INTO login_history VALUES(3700,11,1546438870);
INSERT INTO login_history VALUES(3701,18,1546442190);
INSERT INTO login_history VALUES(3702,18,1546442586);
INSERT INTO login_history VALUES(3703,20,1546459104);
INSERT INTO login_history VALUES(3704,87,1546459896);
INSERT INTO login_history VALUES(3705,97,1546463762);
INSERT INTO login_history VALUES(3706,95,1546464375);
INSERT INTO login_history VALUES(3707,63,1546465345);
INSERT INTO login_history VALUES(3708,11,1546468968);
INSERT INTO login_history VALUES(3709,69,1546472207);
INSERT INTO login_history VALUES(3710,48,1546475763);
INSERT INTO login_history VALUES(3711,20,1546480071);
INSERT INTO login_history VALUES(3712,28,1546492101);
INSERT INTO login_history VALUES(3713,97,1546492508);
INSERT INTO login_history VALUES(3714,23,1546496309);
INSERT INTO login_history VALUES(3715,65,1546505537);
INSERT INTO login_history VALUES(3716,69,1546507318);
INSERT INTO login_history VALUES(3717,52,1546514207);
INSERT INTO login_history VALUES(3718,87,1546519823);
INSERT INTO login_history VALUES(3719,12,1546539760);
INSERT INTO login_history VALUES(3720,72,1546548720);
INSERT INTO login_history VALUES(3721,16,1546552469);
INSERT INTO login_history VALUES(3722,63,1546563092);
INSERT INTO login_history VALUES(3723,20,1546563753);
INSERT INTO login_history VALUES(3724,61,1546574599);
INSERT INTO login_history VALUES(3725,98,1546615321);
INSERT INTO login_history VALUES(3726,87,1546619148);
INSERT INTO login_history VALUES(3727,92,1546630413);
INSERT INTO login_history VALUES(3728,32,1546652268);
INSERT INTO login_history VALUES(3729,8,1546661569);
INSERT INTO login_history VALUES(3730,20,1546662428);
INSERT INTO login_history VALUES(3731,48,1546673986);
INSERT INTO login_history VALUES(3732,10,1546683624);
INSERT INTO login_history VALUES(3733,50,1546684265);
INSERT INTO login_history VALUES(3734,64,1546688019);
INSERT INTO login_history VALUES(3735,36,1546688316);
INSERT INTO login_history VALUES(3736,20,1546710735);
INSERT INTO login_history VALUES(3737,66,1546712871);
INSERT INTO login_history VALUES(3738,64,1546728571);
INSERT INTO login_history VALUES(3739,86,1546734782);
INSERT INTO login_history VALUES(3740,89,1546737946);
INSERT INTO login_history VALUES(3741,33,1546741742);
INSERT INTO login_history VALUES(3742,4,1546747683);
INSERT INTO login_history VALUES(3743,88,1546749250);
INSERT INTO login_history VALUES(3744,50,1546749633);
INSERT INTO login_history VALUES(3745,53,1546749656);
INSERT INTO login_history VALUES(3746,24,1546751991);
INSERT INTO login_history VALUES(3747,88,1546765750);
INSERT INTO login_history VALUES(3748,32,1546775991);
INSERT INTO login_history VALUES(3749,66,1546782812);
INSERT INTO login_history VALUES(3750,8,1546785338);
INSERT INTO login_history VALUES(3751,24,1546789001);
INSERT INTO login_history VALUES(3752,8,1546838590);
INSERT INTO login_history VALUES(3753,63,1546848343);
INSERT INTO login_history VALUES(3754,32,1546852202);
INSERT INTO login_history VALUES(3755,87,1546859153);
INSERT INTO login_history VALUES(3756,64,1546865797);
INSERT INTO login_history VALUES(3757,19,1546871949);
INSERT INTO login_history VALUES(3758,52,1546872274);
INSERT INTO login_history VALUES(3759,55,1546872585);
INSERT INTO login_history VALUES(3760,97,1546874746);
INSERT INTO login_history VALUES(3761,97,1546888882);
INSERT INTO login_history VALUES(3762,20,1546892257);
INSERT INTO login_history VALUES(3763,92,1546897150);
INSERT INTO login_history VALUES(3764,20,1546904154);
INSERT INTO login_history VALUES(3765,48,1546912100);
INSERT INTO login_history VALUES(3766,48,1546930833);
INSERT INTO login_history VALUES(3767,71,1546953143);
INSERT INTO login_history VALUES(3768,63,1546953265);
INSERT INTO login_history VALUES(3769,47,1546954975);
INSERT INTO login_history VALUES(3770,20,1546961067);
INSERT INTO login_history VALUES(3771,32,1546963837);
INSERT INTO login_history VALUES(3772,97,1546965123);
INSERT INTO login_history VALUES(3773,20,1546989608);
INSERT INTO login_history VALUES(3774,11,1546998490);
INSERT INTO login_history VALUES(3775,63,1547001076);
INSERT INTO login_history VALUES(3776,82,1547015562);
INSERT INTO login_history VALUES(3777,81,1547027231);
INSERT INTO login_history VALUES(3778,64,1547028063);
INSERT INTO login_history VALUES(3779,88,1547033917);
INSERT INTO login_history VALUES(3780,63,1547034210);
INSERT INTO login_history VALUES(3781,21,1547049119);
INSERT INTO login_history VALUES(3782,35,1547051126);
INSERT INTO login_history VALUES(3783,63,1547058392);
INSERT INTO login_history VALUES(3784,74,1547063881);
INSERT INTO login_history VALUES(3785,68,1547068875);
INSERT INTO login_history VALUES(3786,36,1547088959);
INSERT INTO login_history VALUES(3787,63,1547098060);
INSERT INTO login_history VALUES(3788,50,1547098119);
INSERT INTO login_history VALUES(3789,88,1547109455);
INSERT INTO login_history VALUES(3790,99,1547122273);
INSERT INTO login_history VALUES(3791,32,1547124575);
INSERT INTO login_history VALUES(3792,34,1547148603);
INSERT INTO login_history VALUES(3793,89,1547152913);
INSERT INTO login_history VALUES(3794,52,1547161792);
INSERT INTO login_history VALUES(3795,88,1547169885);
INSERT INTO login_history VALUES(3796,64,1547172701);
INSERT INTO login_history VALUES(3797,63,1547172788);
INSERT INTO login_history VALUES(3798,18,1547173273);
INSERT INTO login_history VALUES(3799,18,1547185831);
INSERT INTO login_history VALUES(3800,100,1547188091);
INSERT INTO login_history VALUES(3801,71,1547196054);
INSERT INTO login_history VALUES(3802,48,1547202914);
INSERT INTO login_history VALUES(3803,63,1547221298);
INSERT INTO login_history VALUES(3804,30,1547224527);
INSERT INTO login_history VALUES(3805,97,1547240415);
INSERT INTO login_history VALUES(3806,16,1547243372);
INSERT INTO login_history VALUES(3807,86,1547253639);
INSERT INTO login_history VALUES(3808,20,1547259524);
INSERT INTO login_history VALUES(3809,23,1547260451);
INSERT INTO login_history VALUES(3810,24,1547264457);
INSERT INTO login_history VALUES(3811,24,1547268120);
INSERT INTO login_history VALUES(3812,87,1547270395);
INSERT INTO login_history VALUES(3813,87,1547284650);
INSERT INTO login_history VALUES(3814,50,1547292422);
INSERT INTO login_history VALUES(3815,47,1547296150);
INSERT INTO login_history VALUES(3816,13,1547298893);
INSERT INTO login_history VALUES(3817,35,1547305830);
INSERT INTO login_history VALUES(3818,97,1547308496);
INSERT INTO login_history VALUES(3819,28,1547314302);
INSERT INTO login_history VALUES(3820,6,1547316450);
INSERT INTO login_history VALUES(3821,64,1547324223);
INSERT INTO login_history VALUES(3822,61,1547325645);
INSERT INTO login_history VALUES(3823,32,1547345574);
INSERT INTO login_history VALUES(3824,18,1547347697);
INSERT INTO login_history VALUES(3825,88,1547348462);
INSERT INTO login_history VALUES(3826,68,1547359708);
INSERT INTO login_history VALUES(3827,71,1547363096);
INSERT INTO login_history VALUES(3828,15,1547372266);
INSERT INTO login_history VALUES(3829,63,1547386626);
INSERT INTO login_history VALUES(3830,48,1547403597);
INSERT INTO login_history VALUES(3831,99,1547407731);
INSERT INTO login_history VALUES(3832,73,1547408273);
INSERT INTO login_history VALUES(3833,48,1547411979);
INSERT INTO login_history VALUES(3834,27,1547415196);
INSERT INTO login_history VALUES(3835,63,1547415619);
INSERT INTO login_history VALUES(3836,64,1547426077);
INSERT INTO login_history VALUES(3837,52,1547430501);
INSERT INTO login_history VALUES(3838,81,1547435790);
INSERT INTO login_history VALUES(3839,20,1547440365);
INSERT INTO login_history VALUES(3840,27,1547441488);
INSERT INTO login_history VALUES(3841,64,1547442581);
INSERT INTO login_history VALUES(3842,75,1547446142);
INSERT INTO login_history VALUES(3843,48,1547448720);
INSERT INTO login_history VALUES(3844,64,1547448953);
INSERT INTO login_history VALUES(3845,66,1547457940);
INSERT INTO login_history VALUES(3846,31,1547464082);
INSERT INTO login_history VALUES(3847,92,1547470364);
INSERT INTO login_history VALUES(3848,65,1547481542);
INSERT INTO login_history VALUES(3849,83,1547483996);
INSERT INTO login_history VALUES(3850,63,1547489392);
INSERT INTO login_history VALUES(3851,20,1547514278);
INSERT INTO login_history VALUES(3852,64,1547525468);
INSERT INTO login_history VALUES(3853,73,1547528229);
INSERT INTO login_history VALUES(3854,97,1547530310);
INSERT INTO login_history VALUES(3855,20,1547543947);
INSERT INTO login_history VALUES(3856,67,1547553092);
INSERT INTO login_history VALUES(3857,5,1547562098);
INSERT INTO login_history VALUES(3858,40,1547569614);
INSERT INTO login_history VALUES(3859,50,1547573086);
INSERT INTO login_history VALUES(3860,81,1547621223);
INSERT INTO login_history VALUES(3861,63,1547636609);
INSERT INTO login_history VALUES(3862,3,1547657833);
INSERT INTO login_history VALUES(3863,75,1547661822);
INSERT INTO login_history VALUES(3864,32,1547681209);
INSERT INTO login_history VALUES(3865,8,1547694312);
INSERT INTO login_history VALUES(3866,97,1547703489);
INSERT INTO login_history VALUES(3867,31,1547711636);
INSERT INTO login_history VALUES(3868,74,1547713256);
INSERT INTO login_history VALUES(3869,88,1547713582);
INSERT INTO login_history VALUES(3870,32,1547719681);
INSERT INTO login_history VALUES(3871,88,1547731941);
INSERT INTO login_history VALUES(3872,6,1547733073);
INSERT INTO login_history VALUES(3873,64,1547733366);
INSERT INTO login_history VALUES(3874,8,1547734120);
INSERT INTO login_history VALUES(3875,20,1547734985);
INSERT INTO login_history VALUES(3876,64,1547739305);
INSERT INTO login_history VALUES(3877,27,1547744323);
INSERT INTO login_history VALUES(3878,32,1547745868);
INSERT INTO login_history VALUES(3879,75,1547754212);
INSERT INTO login_history VALUES(3880,97,1547763805);
INSERT INTO login_history VALUES(3881,79,1547766586);
INSERT INTO login_history VALUES(3882,96,1547780413);
INSERT INTO login_history VALUES(3883,60,1547783994);
INSERT INTO login_history VALUES(3884,20,1547785200);
INSERT INTO login_history VALUES(3885,32,1547785334);
INSERT INTO login_history VALUES(3886,8,1547791652);
INSERT INTO login_history VALUES(3887,31,1547792598);
INSERT INTO login_history VALUES(3888,50,1547799423);
INSERT INTO login_history VALUES(3889,15,1547804332);
INSERT INTO login_history VALUES(3890,34,1547810115);
INSERT INTO login_history VALUES(3891,53,1547816964);
INSERT INTO login_history VALUES(3892,8,1547829126);
INSERT INTO login_history VALUES(3893,71,1547830760);
INSERT INTO login_history VALUES(3894,33,1547835104);
INSERT INTO login_history VALUES(3895,52,1547839651);
INSERT INTO login_history VALUES(3896,63,1547852004);
INSERT INTO login_history VALUES(3897,23,1547852108);
INSERT INTO login_history VALUES(3898,20,1547865033);
INSERT INTO login_history VALUES(3899,15,1547867474);
INSERT INTO login_history VALUES(3900,73,1547869809);
INSERT INTO login_history VALUES(3901,34,1547895022);
INSERT INTO login_history VALUES(3902,63,1547899163);
INSERT INTO login_history VALUES(3903,11,1547902690);
INSERT INTO login_history VALUES(3904,63,1547909700);
INSERT INTO login_history VALUES(3905,88,1547925869);
INSERT INTO login_history VALUES(3906,68,1547943834);
INSERT INTO login_history VALUES(3907,15,1547961388);
INSERT INTO login_history VALUES(3908,21,1547973262);
INSERT INTO login_history VALUES(3909,62,1547975135);
INSERT INTO login_history VALUES(3910,32,1547984692);
INSERT INTO login_history VALUES(3911,88,1547989404);
INSERT INTO login_history VALUES(3912,32,1547992473);
INSERT INTO login_history VALUES(3913,63,1547995158);
INSERT INTO login_history VALUES(3914,64,1548001131);
INSERT INTO login_history VALUES(3915,18,1548010252);
INSERT INTO login_history VALUES(3916,94,1548012049);
INSERT INTO login_history VALUES(3917,73,1548031560);
INSERT INTO login_history VALUES(3918,75,1548036967);
INSERT INTO login_history VALUES(3919,50,1548043300);
INSERT INTO login_history VALUES(3920,64,1548044160);
INSERT INTO login_history VALUES(3921,88,1548045456);
INSERT INTO login_history VALUES(3922,35,1548064248);
INSERT INTO login_history VALUES(3923,64,1548066084);
INSERT INTO login_history VALUES(3924,60,1548066738);
INSERT INTO login_history VALUES(3925,64,1548070625);
INSERT INTO login_history VALUES(3926,46,1548073126);
INSERT INTO login_history VALUES(3927,67,1548073857);
INSERT INTO login_history VALUES(3928,64,1548076594);
INSERT INTO login_history VALUES(3929,32,1548077468);
INSERT INTO login_history VALUES(3930,75,1548080951);
INSERT INTO login_history VALUES(3931,32,1548091279);
INSERT INTO login_history VALUES(3932,26,1548093164);
INSERT INTO login_history VALUES(3933,63,1548112332);
INSERT INTO login_history VALUES(3934,87,1548117757);
INSERT INTO login_history VALUES(3935,39,1548127331);
INSERT INTO login_history VALUES(3936,21,1548152123);
INSERT INTO login_history VALUES(3937,39,1548155040);
INSERT INTO login_history VALUES(3938,63,1548160121);
INSERT INTO login_history VALUES(3939,55,1548170063);
INSERT INTO login_history VALUES(3940,14,1548172394);
INSERT INTO login_history VALUES(3941,20,1548174060);
INSERT INTO login_history VALUES(3942,19,1548175249);
INSERT INTO login_history VALUES(3943,52,1548178692);
INSERT INTO login_history VALUES(3944,48,1548179228);
INSERT INTO login_history VALUES(3945,63,1548184364);
INSERT INTO login_history VALUES(3946,73,1548188375);
INSERT INTO login_history VALUES(3947,38,1548194246);
INSERT INTO login_history VALUES(3948,23,1548199261);
INSERT INTO login_history VALUES(3949,26,1548201122);
INSERT INTO login_history VALUES(3950,23,1548207378);
INSERT INTO login_history VALUES(3951,63,1548210352);
INSERT INTO login_history VALUES(3952,27,1548229440);
INSERT INTO login_history VALUES(3953,77,1548242395);
INSERT INTO login_history VALUES(3954,92,1548247598);
INSERT INTO login_history VALUES(3955,63,1548254267);
INSERT INTO login_history VALUES(3956,49,1548282895);
INSERT INTO login_history VALUES(3957,75,1548284002);
INSERT INTO login_history VALUES(3958,52,1548301547);
INSERT INTO login_history VALUES(3959,88,1548309519);
INSERT INTO login_history VALUES(3960,37,1548314743);
INSERT INTO login_history VALUES(3961,61,1548318432);
INSERT INTO login_history VALUES(3962,53,1548344540);
INSERT INTO login_history VALUES(3963,20,1548349693);
INSERT INTO login_history VALUES(3964,13,1548357244);
INSERT INTO login_history VALUES(3965,32,1548360135);
INSERT INTO login_history VALUES(3966,1,1548364445);
INSERT INTO login_history VALUES(3967,52,1548367613);
INSERT INTO login_history VALUES(3968,96,1548371784);
INSERT INTO login_history VALUES(3969,72,1548379638);
INSERT INTO login_history VALUES(3970,19,1548386055);
INSERT INTO login_history VALUES(3971,34,1548386405);
INSERT INTO login_history VALUES(3972,33,1548389020);
INSERT INTO login_history VALUES(3973,78,1548393985);
INSERT INTO login_history VALUES(3974,94,1548398973);
INSERT INTO login_history VALUES(3975,18,1548412612);
INSERT INTO login_history VALUES(3976,14,1548412932);
INSERT INTO login_history VALUES(3977,31,1548414125);
INSERT INTO login_history VALUES(3978,28,1548425673);
INSERT INTO login_history VALUES(3979,32,1548429669);
INSERT INTO login_history VALUES(3980,32,1548433980);
INSERT INTO login_history VALUES(3981,73,1548434801);
INSERT INTO login_history VALUES(3982,100,1548435098);
INSERT INTO login_history VALUES(3983,36,1548455501);
INSERT INTO login_history VALUES(3984,48,1548457792);
INSERT INTO login_history VALUES(3985,64,1548461597);
INSERT INTO login_history VALUES(3986,48,1548462919);
INSERT INTO login_history VALUES(3987,92,1548469848);
INSERT INTO login_history VALUES(3988,73,1548481727);
INSERT INTO login_history VALUES(3989,48,1548485845);
INSERT INTO login_history VALUES(3990,64,1548488996);
INSERT INTO login_history VALUES(3991,73,1548528340);
INSERT INTO login_history VALUES(3992,48,1548536987);
INSERT INTO login_history VALUES(3993,67,1548539405);
INSERT INTO login_history VALUES(3994,87,1548544195);
INSERT INTO login_history VALUES(3995,54,1548549003);
INSERT INTO login_history VALUES(3996,74,1548557789);
INSERT INTO login_history VALUES(3997,98,1548567631);
INSERT INTO login_history VALUES(3998,26,1548571157);
INSERT INTO login_history VALUES(3999,57,1548571473);
INSERT INTO login_history VALUES(4000,73,1548605140);
INSERT INTO login_history VALUES(4001,20,1548617427);
INSERT INTO login_history VALUES(4002,79,1548642378);
INSERT INTO login_history VALUES(4003,36,1548651383);
INSERT INTO login_history VALUES(4004,75,1548653952);
INSERT INTO login_history VALUES(4005,59,1548657823);
INSERT INTO login_history VALUES(4006,62,1548658853);
INSERT INTO login_history VALUES(4007,86,1548668850);
INSERT INTO login_history VALUES(4008,52,1548672337);
INSERT INTO login_history VALUES(4009,100,1548673096);
INSERT INTO login_history VALUES(4010,18,1548680370);
INSERT INTO login_history VALUES(4011,62,1548686128);
INSERT INTO login_history VALUES(4012,64,1548687646);
INSERT INTO login_history VALUES(4013,23,1548697741);
INSERT INTO login_history VALUES(4014,15,1548699727);
INSERT INTO login_history VALUES(4015,50,1548702642);
INSERT INTO login_history VALUES(4016,23,1548702751);
INSERT INTO login_history VALUES(4017,97,1548706131);
INSERT INTO login_history VALUES(4018,97,1548712345);
INSERT INTO login_history VALUES(4019,63,1548725628);
INSERT INTO login_history VALUES(4020,96,1548727084);
INSERT INTO login_history VALUES(4021,13,1548748797);
INSERT INTO login_history VALUES(4022,89,1548756515);
INSERT INTO login_history VALUES(4023,64,1548760031);
INSERT INTO login_history VALUES(4024,98,1548760962);
INSERT INTO login_history VALUES(4025,48,1548804866);
INSERT INTO login_history VALUES(4026,48,1548806895);
INSERT INTO login_history VALUES(4027,79,1548815757);
INSERT INTO login_history VALUES(4028,92,1548817275);
INSERT INTO login_history VALUES(4029,5,1548844799);
INSERT INTO login_history VALUES(4030,82,1548848090);
INSERT INTO login_history VALUES(4031,73,1548850123);
INSERT INTO login_history VALUES(4032,6,1548858200);
INSERT INTO login_history VALUES(4033,6,1548863963);
INSERT INTO login_history VALUES(4034,97,1548868656);
INSERT INTO login_history VALUES(4035,97,1548879188);
INSERT INTO login_history VALUES(4036,97,1548879275);
INSERT INTO login_history VALUES(4037,65,1548880931);
INSERT INTO login_history VALUES(4038,34,1548883982);
INSERT INTO login_history VALUES(4039,92,1548890567);
INSERT INTO login_history VALUES(4040,73,1548894518);
INSERT INTO login_history VALUES(4041,76,1548902063);
INSERT INTO login_history VALUES(4042,26,1548915221);
INSERT INTO login_history VALUES(4043,61,1548915796);
INSERT INTO login_history VALUES(4044,55,1548951324);
INSERT INTO login_history VALUES(4045,21,1548959884);
INSERT INTO login_history VALUES(4046,64,1548962009);
INSERT INTO login_history VALUES(4047,96,1548966737);
INSERT INTO login_history VALUES(4048,48,1548988509);
INSERT INTO login_history VALUES(4049,70,1548989273);
INSERT INTO login_history VALUES(4050,67,1548999968);
INSERT INTO login_history VALUES(4051,63,1549002112);
INSERT INTO login_history VALUES(4052,63,1549022606);
INSERT INTO login_history VALUES(4053,89,1549027128);
INSERT INTO login_history VALUES(4054,23,1549040662);
INSERT INTO login_history VALUES(4055,48,1549044324);
INSERT INTO login_history VALUES(4056,46,1549048024);
INSERT INTO login_history VALUES(4057,73,1549050664);
INSERT INTO login_history VALUES(4058,26,1549058099);
INSERT INTO login_history VALUES(4059,23,1549061446);
INSERT INTO login_history VALUES(4060,15,1549065472);
CREATE TABLE card (
    id INTEGER PRIMARY KEY,
    name TEXT,
    status TEXT,
    priority INTEGER
);
INSERT INTO card VALUES(1,'Leuschke Group','backlog',1);
INSERT INTO card VALUES(2,'Jacobson, Mertz and Kiehn','backlog',2);
INSERT INTO card VALUES(3,'Carroll, Lindgren and Schoen','complete',3);
INSERT INTO card VALUES(4,'Russel, Wilderman and Mante','backlog',3);
INSERT INTO card VALUES(5,'Kunde Group','complete',5);
INSERT INTO card VALUES(6,'Luettgen-Kling','complete',6);
INSERT INTO card VALUES(7,'Sanford Ltd','complete',7);
INSERT INTO card VALUES(8,'Skiles-Adams','backlog',4);
INSERT INTO card VALUES(9,'Waelchi-Haag','complete',9);
INSERT INTO card VALUES(10,'Mayert-Lesch','backlog',5);
INSERT INTO card VALUES(11,'Hettinger-Parker','in-progress',6);
INSERT INTO card VALUES(12,'Moore Ltd','complete',11);
INSERT INTO card VALUES(13,'Doyle and Sons','complete',12);
INSERT INTO card VALUES(14,'Jaskolski-Senger','complete',13);
INSERT INTO card VALUES(15,'Corkery PLC','backlog',7);
INSERT INTO card VALUES(16,'Lang-Homenick','in-progress',8);
INSERT INTO card VALUES(17,'Price PLC','in-progress',9);
INSERT INTO card VALUES(18,'Schoen, Streich and Wolff','complete',15);
INSERT INTO card VALUES(19,'Barrows-Abshire','complete',16);
INSERT INTO card VALUES(20,'Schmeler Group','in-progress',10);
INSERT INTO card VALUES(21,'Weissnat, Lehner and Torp','complete',17);
INSERT INTO card VALUES(22,'Waters, Lockman and Keebler','in-progress',11);
INSERT INTO card VALUES(23,'Wehner, Morissette and Hoppe','in-progress',12);
INSERT INTO card VALUES(24,'Okuneva, Reynolds and Buckridge','complete',18);
INSERT INTO card VALUES(25,'Ernser, Schroeder and Swaniawski','complete',19);
INSERT INTO card VALUES(26,'Ledner-Hoppe','in-progress',13);
INSERT INTO card VALUES(27,'Schroeder-Blanda','complete',20);
INSERT INTO card VALUES(28,'Robel Ltd','complete',21);
INSERT INTO card VALUES(29,'Legros-Morissette','complete',22);
INSERT INTO card VALUES(30,'Sporer, Gislason and Abshire','complete',23);
INSERT INTO card VALUES(31,'Hodkiewicz-Gutkowski','in-progress',14);
INSERT INTO card VALUES(32,'Stracke LLC','backlog',15);
INSERT INTO card VALUES(33,'Bauch, Beahan and Nienow','complete',25);
INSERT INTO card VALUES(34,'Deckow, Lindgren and Moen','complete',26);
INSERT INTO card VALUES(35,'Farrell-Powlowski','in-progress',16);
INSERT INTO card VALUES(36,'Welch, Considine and Tremblay','in-progress',17);
INSERT INTO card VALUES(37,'Lemke-Jacobs','complete',27);
INSERT INTO card VALUES(38,'Leuschke Group','complete',28);
INSERT INTO card VALUES(39,'Flatley-Harber','backlog',18);
INSERT INTO card VALUES(40,'Prosacco Ltd','backlog',19);
INSERT INTO card VALUES(41,'Hermiston LLC','backlog',20);
INSERT INTO card VALUES(42,'Dibbert, Boyle and Hane','backlog',21);
INSERT INTO card VALUES(43,'Kuphal-Rempel','complete',33);
INSERT INTO card VALUES(44,'Ankunding-Miller','backlog',22);
INSERT INTO card VALUES(45,'Schmitt-Collier','in-progress',23);
INSERT INTO card VALUES(46,'Mayert and Sons','complete',35);
INSERT INTO card VALUES(47,'Goodwin-Auer','backlog',24);
INSERT INTO card VALUES(48,'Streich, Smith and Harris','backlog',25);
INSERT INTO card VALUES(49,'Little PLC','complete',38);
INSERT INTO card VALUES(50,'McLaughlin PLC','complete',39);
INSERT INTO card VALUES(51,'Jerde-Hackett','complete',40);
INSERT INTO card VALUES(52,'Stanton Inc','backlog',26);
INSERT INTO card VALUES(53,'Leuschke Ltd','complete',42);
INSERT INTO card VALUES(54,'Ledner, Schmitt and Adams','in-progress',27);
INSERT INTO card VALUES(55,'Roberts-Willms','complete',43);
INSERT INTO card VALUES(56,'Schowalter Inc','complete',44);
INSERT INTO card VALUES(57,'DuBuque PLC','in-progress',28);
INSERT INTO card VALUES(58,'Schiller-Bogan','backlog',29);
INSERT INTO card VALUES(59,'Collier Ltd','complete',46);
INSERT INTO card VALUES(60,'Satterfield-Halvorson','in-progress',30);
INSERT INTO card VALUES(61,'Shanahan-Romaguera','complete',47);
INSERT INTO card VALUES(62,'Huels, Hettinger and Boyer','in-progress',31);
INSERT INTO card VALUES(63,'Carter, Windler and Gerhold','backlog',32);
INSERT INTO card VALUES(64,'Cruickshank, Pfannerstill and West','backlog',33);
INSERT INTO card VALUES(65,'Rohan, Beer and Murray','in-progress',34);
INSERT INTO card VALUES(66,'Beatty-Wisozk','complete',50);
INSERT INTO card VALUES(67,'Champlin-Bosco','complete',51);
INSERT INTO card VALUES(68,'Kshlerin, Krajcik and Brown','in-progress',35);
INSERT INTO card VALUES(69,'Effertz, Schamberger and Koepp','complete',52);
INSERT INTO card VALUES(70,'Terry LLC','backlog',36);
INSERT INTO card VALUES(71,'Dietrich-Ebert','complete',54);
INSERT INTO card VALUES(72,'Schamberger, Terry and Jenkins','backlog',37);
INSERT INTO card VALUES(73,'Walsh-Wyman','complete',56);
INSERT INTO card VALUES(74,'Veum-Rowe','complete',57);
INSERT INTO card VALUES(75,'Kshlerin-Hilll','complete',58);
INSERT INTO card VALUES(76,'Hauck-Huel','complete',59);
INSERT INTO card VALUES(77,'Greenfelder-Okuneva','in-progress',38);
INSERT INTO card VALUES(78,'Osinski Ltd','complete',60);
INSERT INTO card VALUES(79,'Koelpin, Stiedemann and Ratke','complete',61);
INSERT INTO card VALUES(80,'Roob and Sons','complete',62);
INSERT INTO card VALUES(81,'Smitham-Dickinson','complete',63);
INSERT INTO card VALUES(82,'Walter Ltd','in-progress',39);
INSERT INTO card VALUES(83,'Langosh, Hahn and Ullrich','complete',64);
INSERT INTO card VALUES(84,'Padberg LLC','backlog',40);
INSERT INTO card VALUES(85,'Jerde, Breitenberg and Cronin','in-progress',41);
INSERT INTO card VALUES(86,'Steuber-Miller','complete',66);
INSERT INTO card VALUES(87,'Hettinger, Bartoletti and Aufderhar','backlog',42);
INSERT INTO card VALUES(88,'Terry PLC','backlog',43);
INSERT INTO card VALUES(89,'Satterfield and Sons','complete',69);
INSERT INTO card VALUES(90,'Olson-Jacobson','complete',70);
INSERT INTO card VALUES(91,'Kuhlman-Parker','in-progress',44);
INSERT INTO card VALUES(92,'Breitenberg-Streich','complete',71);
INSERT INTO card VALUES(93,'Satterfield, Hane and Jones','backlog',45);
INSERT INTO card VALUES(94,'Schuppe, Mitchell and Hilll','complete',73);
INSERT INTO card VALUES(95,'Rutherford-Wisoky','complete',74);
INSERT INTO card VALUES(96,'Kuhlman-Carroll','complete',75);
INSERT INTO card VALUES(97,'Torphy Inc','backlog',46);
INSERT INTO card VALUES(98,'Anderson-Hane','in-progress',47);
INSERT INTO card VALUES(99,'Greenfelder Inc','in-progress',48);
INSERT INTO card VALUES(100,'Gusikowski, Lowe and Gutmann','in-progress',49);
INSERT INTO card VALUES(101,'Moore, Daugherty and Fadel','complete',77);
INSERT INTO card VALUES(102,'Howell Inc','complete',78);
INSERT INTO card VALUES(103,'Fadel-Wilderman','complete',79);
INSERT INTO card VALUES(104,'Ernser, O''Keefe and Rice','in-progress',50);
INSERT INTO card VALUES(105,'Haag PLC','complete',80);
INSERT INTO card VALUES(106,'Waelchi-Wintheiser','complete',81);
INSERT INTO card VALUES(107,'Pfannerstill, Willms and Rutherford','in-progress',51);
INSERT INTO card VALUES(108,'Kutch, Altenwerth and Deckow','complete',82);
INSERT INTO card VALUES(109,'Heaney, Buckridge and Jast','complete',83);
INSERT INTO card VALUES(110,'Schneider, Schuster and Robel','backlog',52);
INSERT INTO card VALUES(111,'Lehner PLC','complete',85);
INSERT INTO card VALUES(112,'McKenzie-Hahn','in-progress',53);
INSERT INTO card VALUES(113,'Ziemann, Kutch and Schiller','complete',86);
INSERT INTO card VALUES(114,'Dicki LLC','complete',87);
INSERT INTO card VALUES(115,'Ondricka, Brakus and Littel','in-progress',54);
INSERT INTO card VALUES(116,'Aufderhar-Hahn','in-progress',55);
INSERT INTO card VALUES(117,'Mraz, Davis and Schultz','backlog',56);
INSERT INTO card VALUES(118,'Casper Ltd','complete',89);
INSERT INTO card VALUES(119,'Hoeger, Christiansen and Ward','complete',90);
INSERT INTO card VALUES(120,'Walsh Ltd','complete',91);
INSERT INTO card VALUES(121,'Schaefer LLC','in-progress',57);
INSERT INTO card VALUES(122,'Marvin Group','backlog',58);
INSERT INTO card VALUES(123,'Ratke, Powlowski and Altenwerth','in-progress',59);
INSERT INTO card VALUES(124,'Hand, Kautzer and Kunde','in-progress',60);
INSERT INTO card VALUES(125,'Murphy-Haley','in-progress',61);
INSERT INTO card VALUES(126,'Wuckert-Champlin','in-progress',62);
INSERT INTO card VALUES(127,'White Ltd','in-progress',63);
INSERT INTO card VALUES(128,'Wisozk, Ferry and Padberg','complete',93);
INSERT INTO card VALUES(129,'Bauch LLC','in-progress',64);
INSERT INTO card VALUES(130,'Hessel Group','in-progress',65);
INSERT INTO card VALUES(131,'Lynch, Halvorson and Schmitt','backlog',66);
INSERT INTO card VALUES(132,'Leannon LLC','in-progress',67);
INSERT INTO card VALUES(133,'Dickinson PLC','complete',95);
INSERT INTO card VALUES(134,'Hegmann Ltd','backlog',68);
INSERT INTO card VALUES(135,'McLaughlin LLC','backlog',69);
INSERT INTO card VALUES(136,'Ferry PLC','in-progress',70);
INSERT INTO card VALUES(137,'Osinski Inc','complete',98);
INSERT INTO card VALUES(138,'Berge-Ortiz','complete',99);
INSERT INTO card VALUES(139,'Jacobi PLC','in-progress',71);
INSERT INTO card VALUES(140,'Feeney-Hayes','backlog',72);
INSERT INTO card VALUES(141,'Crona, Walter and Rutherford','complete',101);
INSERT INTO card VALUES(142,'Mayert-Hane','complete',102);
INSERT INTO card VALUES(143,'O''Kon Group','complete',103);
INSERT INTO card VALUES(144,'Abshire, Sipes and O''Kon','in-progress',73);
INSERT INTO card VALUES(145,'Cronin-Kulas','in-progress',74);
INSERT INTO card VALUES(146,'Bogan, Hyatt and Robel','in-progress',75);
INSERT INTO card VALUES(147,'Boehm, West and Oberbrunner','backlog',76);
INSERT INTO card VALUES(148,'Schmitt Inc','complete',105);
INSERT INTO card VALUES(149,'Friesen and Sons','complete',106);
INSERT INTO card VALUES(150,'Homenick, Block and Abernathy','complete',107);
INSERT INTO card VALUES(151,'Christiansen Group','in-progress',77);
INSERT INTO card VALUES(152,'Gerlach Inc','in-progress',78);
INSERT INTO card VALUES(153,'Rolfson PLC','backlog',79);
INSERT INTO card VALUES(154,'Reichert-Rowe','backlog',80);
INSERT INTO card VALUES(155,'Ankunding Group','backlog',81);
INSERT INTO card VALUES(156,'Muller, Will and Kuphal','in-progress',82);
INSERT INTO card VALUES(157,'Pagac-Hintz','complete',111);
INSERT INTO card VALUES(158,'Howell, Schuppe and Keeling','complete',112);
INSERT INTO card VALUES(159,'Bechtelar, Haley and Hahn','complete',113);
INSERT INTO card VALUES(160,'Watsica LLC','in-progress',83);
INSERT INTO card VALUES(161,'Jaskolski-McClure','complete',114);
INSERT INTO card VALUES(162,'Abbott LLC','backlog',84);
INSERT INTO card VALUES(163,'Marks, Funk and Ullrich','complete',116);
INSERT INTO card VALUES(164,'Lemke-Heidenreich','backlog',85);
INSERT INTO card VALUES(165,'Gaylord and Sons','in-progress',86);
INSERT INTO card VALUES(166,'Ortiz-Lesch','complete',118);
INSERT INTO card VALUES(167,'Morissette-Champlin','backlog',87);
INSERT INTO card VALUES(168,'Powlowski, Adams and Weimann','complete',120);
INSERT INTO card VALUES(169,'Kutch-Nitzsche','complete',121);
INSERT INTO card VALUES(170,'Stracke-Adams','complete',122);
INSERT INTO card VALUES(171,'Torphy Ltd','in-progress',88);
INSERT INTO card VALUES(172,'Ward, Parisian and O''Reilly','backlog',89);
INSERT INTO card VALUES(173,'Schumm, Toy and Moore','complete',124);
INSERT INTO card VALUES(174,'Mraz-Mills','complete',125);
INSERT INTO card VALUES(175,'Bauch-Strosin','complete',126);
INSERT INTO card VALUES(176,'Krajcik LLC','complete',127);
INSERT INTO card VALUES(177,'Wisoky, Murazik and Sawayn','in-progress',90);
INSERT INTO card VALUES(178,'O''Kon-Hickle','complete',128);
INSERT INTO card VALUES(179,'Moore, Blanda and Hyatt','in-progress',91);
INSERT INTO card VALUES(180,'Ullrich, Blanda and Stokes','complete',129);
INSERT INTO card VALUES(181,'McCullough-Spencer','complete',130);
INSERT INTO card VALUES(182,'Kihn and Sons','in-progress',92);
INSERT INTO card VALUES(183,'Cassin PLC','in-progress',93);
INSERT INTO card VALUES(184,'Emard, Witting and DuBuque','backlog',94);
INSERT INTO card VALUES(185,'Wisozk, Olson and Keebler','complete',132);
INSERT INTO card VALUES(186,'Lynch-Keebler','in-progress',95);
INSERT INTO card VALUES(187,'Kutch-Mueller','in-progress',96);
INSERT INTO card VALUES(188,'Smitham-Kutch','backlog',97);
INSERT INTO card VALUES(189,'O''Keefe Inc','complete',134);
INSERT INTO card VALUES(190,'Ullrich, Koepp and Ondricka','complete',135);
INSERT INTO card VALUES(191,'Beatty-Larson','complete',136);
INSERT INTO card VALUES(192,'Hirthe and Sons','complete',137);
INSERT INTO card VALUES(193,'Moen and Sons','in-progress',98);
INSERT INTO card VALUES(194,'Wolff LLC','in-progress',99);
INSERT INTO card VALUES(195,'Hermann PLC','complete',138);
INSERT INTO card VALUES(196,'Williamson, Ratke and Weissnat','complete',139);
INSERT INTO card VALUES(197,'Dare, Barton and Weber','backlog',100);
INSERT INTO card VALUES(198,'Mitchell-Schoen','complete',141);
INSERT INTO card VALUES(199,'Bergstrom-Bruen','backlog',101);
INSERT INTO card VALUES(200,'Breitenberg, Waelchi and Murphy','in-progress',102);
CREATE TABLE card_change_history (
    id INTEGER PRIMARY_KEY,
    cardID INTEGER,
    oldStatus TEXT NULLABLE,
    newStatus TEXT,
    oldPriority INTEGER,
    newPriority INTEGER,
    timestamp INTEGER
);
INSERT INTO card_change_history VALUES(1,1,NULL,'backlog',0,1,1545719521);
INSERT INTO card_change_history VALUES(2,2,NULL,'backlog',0,2,1532263781);
INSERT INTO card_change_history VALUES(3,3,NULL,'backlog',0,3,1547083910);
INSERT INTO card_change_history VALUES(4,4,NULL,'backlog',0,4,1530431160);
INSERT INTO card_change_history VALUES(5,5,NULL,'backlog',0,5,1544345250);
INSERT INTO card_change_history VALUES(6,6,NULL,'backlog',0,6,1532430644);
INSERT INTO card_change_history VALUES(7,7,NULL,'backlog',0,7,1543896854);
INSERT INTO card_change_history VALUES(8,8,NULL,'backlog',0,8,1532420756);
INSERT INTO card_change_history VALUES(9,9,NULL,'backlog',0,9,1532620633);
INSERT INTO card_change_history VALUES(10,10,NULL,'backlog',0,10,1548377940);
INSERT INTO card_change_history VALUES(11,11,NULL,'backlog',0,11,1532909746);
INSERT INTO card_change_history VALUES(12,12,NULL,'backlog',0,12,1542412510);
INSERT INTO card_change_history VALUES(13,13,NULL,'backlog',0,13,1535600271);
INSERT INTO card_change_history VALUES(14,14,NULL,'backlog',0,14,1542457779);
INSERT INTO card_change_history VALUES(15,15,NULL,'backlog',0,15,1537031543);
INSERT INTO card_change_history VALUES(16,16,NULL,'backlog',0,16,1541904990);
INSERT INTO card_change_history VALUES(17,17,NULL,'backlog',0,17,1533633425);
INSERT INTO card_change_history VALUES(18,18,NULL,'backlog',0,18,1532155804);
INSERT INTO card_change_history VALUES(19,19,NULL,'backlog',0,19,1532347383);
INSERT INTO card_change_history VALUES(20,20,NULL,'backlog',0,20,1542923963);
INSERT INTO card_change_history VALUES(21,21,NULL,'backlog',0,21,1530996733);
INSERT INTO card_change_history VALUES(22,22,NULL,'backlog',0,22,1545010716);
INSERT INTO card_change_history VALUES(23,23,NULL,'backlog',0,23,1541540896);
INSERT INTO card_change_history VALUES(24,24,NULL,'backlog',0,24,1529864514);
INSERT INTO card_change_history VALUES(25,25,NULL,'backlog',0,25,1537866606);
INSERT INTO card_change_history VALUES(26,26,NULL,'backlog',0,26,1538300905);
INSERT INTO card_change_history VALUES(27,27,NULL,'backlog',0,27,1529056966);
INSERT INTO card_change_history VALUES(28,28,NULL,'backlog',0,28,1536906454);
INSERT INTO card_change_history VALUES(29,29,NULL,'backlog',0,29,1548366898);
INSERT INTO card_change_history VALUES(30,30,NULL,'backlog',0,30,1548877624);
INSERT INTO card_change_history VALUES(31,31,NULL,'backlog',0,31,1544825093);
INSERT INTO card_change_history VALUES(32,32,NULL,'backlog',0,32,1532487375);
INSERT INTO card_change_history VALUES(33,33,NULL,'backlog',0,33,1531027457);
INSERT INTO card_change_history VALUES(34,34,NULL,'backlog',0,34,1545120223);
INSERT INTO card_change_history VALUES(35,35,NULL,'backlog',0,35,1533196763);
INSERT INTO card_change_history VALUES(36,36,NULL,'backlog',0,36,1529285786);
INSERT INTO card_change_history VALUES(37,37,NULL,'backlog',0,37,1544244342);
INSERT INTO card_change_history VALUES(38,38,NULL,'backlog',0,38,1535393900);
INSERT INTO card_change_history VALUES(39,39,NULL,'backlog',0,39,1542952580);
INSERT INTO card_change_history VALUES(40,40,NULL,'backlog',0,40,1540597801);
INSERT INTO card_change_history VALUES(41,41,NULL,'backlog',0,41,1548015986);
INSERT INTO card_change_history VALUES(42,42,NULL,'backlog',0,42,1528949080);
INSERT INTO card_change_history VALUES(43,43,NULL,'backlog',0,43,1547574815);
INSERT INTO card_change_history VALUES(44,44,NULL,'backlog',0,44,1537958006);
INSERT INTO card_change_history VALUES(45,45,NULL,'backlog',0,45,1530673595);
INSERT INTO card_change_history VALUES(46,46,NULL,'backlog',0,46,1532872196);
INSERT INTO card_change_history VALUES(47,47,NULL,'backlog',0,47,1541716717);
INSERT INTO card_change_history VALUES(48,48,NULL,'backlog',0,48,1535585216);
INSERT INTO card_change_history VALUES(49,49,NULL,'backlog',0,49,1530885369);
INSERT INTO card_change_history VALUES(50,50,NULL,'backlog',0,50,1537951089);
INSERT INTO card_change_history VALUES(51,51,NULL,'backlog',0,51,1535545767);
INSERT INTO card_change_history VALUES(52,52,NULL,'backlog',0,52,1536241406);
INSERT INTO card_change_history VALUES(53,53,NULL,'backlog',0,53,1532751049);
INSERT INTO card_change_history VALUES(54,54,NULL,'backlog',0,54,1528888574);
INSERT INTO card_change_history VALUES(55,55,NULL,'backlog',0,55,1527918571);
INSERT INTO card_change_history VALUES(56,56,NULL,'backlog',0,56,1537140006);
INSERT INTO card_change_history VALUES(57,57,NULL,'backlog',0,57,1545376462);
INSERT INTO card_change_history VALUES(58,58,NULL,'backlog',0,58,1538283671);
INSERT INTO card_change_history VALUES(59,59,NULL,'backlog',0,59,1541181402);
INSERT INTO card_change_history VALUES(60,60,NULL,'backlog',0,60,1537900076);
INSERT INTO card_change_history VALUES(61,61,NULL,'backlog',0,61,1544927995);
INSERT INTO card_change_history VALUES(62,62,NULL,'backlog',0,62,1540661213);
INSERT INTO card_change_history VALUES(63,63,NULL,'backlog',0,63,1543217276);
INSERT INTO card_change_history VALUES(64,64,NULL,'backlog',0,64,1549011680);
INSERT INTO card_change_history VALUES(65,65,NULL,'backlog',0,65,1539001144);
INSERT INTO card_change_history VALUES(66,66,NULL,'backlog',0,66,1529384185);
INSERT INTO card_change_history VALUES(67,67,NULL,'backlog',0,67,1547013720);
INSERT INTO card_change_history VALUES(68,68,NULL,'backlog',0,68,1535605970);
INSERT INTO card_change_history VALUES(69,69,NULL,'backlog',0,69,1533105363);
INSERT INTO card_change_history VALUES(70,70,NULL,'backlog',0,70,1531572657);
INSERT INTO card_change_history VALUES(71,71,NULL,'backlog',0,71,1538992536);
INSERT INTO card_change_history VALUES(72,72,NULL,'backlog',0,72,1547807029);
INSERT INTO card_change_history VALUES(73,73,NULL,'backlog',0,73,1534854236);
INSERT INTO card_change_history VALUES(74,74,NULL,'backlog',0,74,1533350348);
INSERT INTO card_change_history VALUES(75,75,NULL,'backlog',0,75,1546026199);
INSERT INTO card_change_history VALUES(76,76,NULL,'backlog',0,76,1533873214);
INSERT INTO card_change_history VALUES(77,77,NULL,'backlog',0,77,1543032033);
INSERT INTO card_change_history VALUES(78,78,NULL,'backlog',0,78,1546951890);
INSERT INTO card_change_history VALUES(79,79,NULL,'backlog',0,79,1538873795);
INSERT INTO card_change_history VALUES(80,80,NULL,'backlog',0,80,1530109671);
INSERT INTO card_change_history VALUES(81,81,NULL,'backlog',0,81,1548523338);
INSERT INTO card_change_history VALUES(82,82,NULL,'backlog',0,82,1545318036);
INSERT INTO card_change_history VALUES(83,83,NULL,'backlog',0,83,1529578370);
INSERT INTO card_change_history VALUES(84,84,NULL,'backlog',0,84,1531713350);
INSERT INTO card_change_history VALUES(85,85,NULL,'backlog',0,85,1531331148);
INSERT INTO card_change_history VALUES(86,86,NULL,'backlog',0,86,1544720923);
INSERT INTO card_change_history VALUES(87,87,NULL,'backlog',0,87,1537271902);
INSERT INTO card_change_history VALUES(88,88,NULL,'backlog',0,88,1536569636);
INSERT INTO card_change_history VALUES(89,89,NULL,'backlog',0,89,1530446694);
INSERT INTO card_change_history VALUES(90,90,NULL,'backlog',0,90,1528356694);
INSERT INTO card_change_history VALUES(91,91,NULL,'backlog',0,91,1536400545);
INSERT INTO card_change_history VALUES(92,92,NULL,'backlog',0,92,1547365655);
INSERT INTO card_change_history VALUES(93,93,NULL,'backlog',0,93,1533806640);
INSERT INTO card_change_history VALUES(94,94,NULL,'backlog',0,94,1541663450);
INSERT INTO card_change_history VALUES(95,95,NULL,'backlog',0,95,1546358252);
INSERT INTO card_change_history VALUES(96,96,NULL,'backlog',0,96,1537278900);
INSERT INTO card_change_history VALUES(97,97,NULL,'backlog',0,97,1533428066);
INSERT INTO card_change_history VALUES(98,98,NULL,'backlog',0,98,1533482404);
INSERT INTO card_change_history VALUES(99,99,NULL,'backlog',0,99,1542466429);
INSERT INTO card_change_history VALUES(100,100,NULL,'backlog',0,100,1535047815);
INSERT INTO card_change_history VALUES(101,101,NULL,'backlog',0,101,1529308275);
INSERT INTO card_change_history VALUES(102,102,NULL,'backlog',0,102,1538034063);
INSERT INTO card_change_history VALUES(103,103,NULL,'backlog',0,103,1545322427);
INSERT INTO card_change_history VALUES(104,104,NULL,'backlog',0,104,1544039194);
INSERT INTO card_change_history VALUES(105,105,NULL,'backlog',0,105,1547690143);
INSERT INTO card_change_history VALUES(106,106,NULL,'backlog',0,106,1535846609);
INSERT INTO card_change_history VALUES(107,107,NULL,'backlog',0,107,1539909894);
INSERT INTO card_change_history VALUES(108,108,NULL,'backlog',0,108,1536448611);
INSERT INTO card_change_history VALUES(109,109,NULL,'backlog',0,109,1536479972);
INSERT INTO card_change_history VALUES(110,110,NULL,'backlog',0,110,1527997588);
INSERT INTO card_change_history VALUES(111,111,NULL,'backlog',0,111,1528075255);
INSERT INTO card_change_history VALUES(112,112,NULL,'backlog',0,112,1538103681);
INSERT INTO card_change_history VALUES(113,113,NULL,'backlog',0,113,1532801430);
INSERT INTO card_change_history VALUES(114,114,NULL,'backlog',0,114,1547456578);
INSERT INTO card_change_history VALUES(115,115,NULL,'backlog',0,115,1539270238);
INSERT INTO card_change_history VALUES(116,116,NULL,'backlog',0,116,1543250683);
INSERT INTO card_change_history VALUES(117,117,NULL,'backlog',0,117,1527911670);
INSERT INTO card_change_history VALUES(118,118,NULL,'backlog',0,118,1538543118);
INSERT INTO card_change_history VALUES(119,119,NULL,'backlog',0,119,1530249002);
INSERT INTO card_change_history VALUES(120,120,NULL,'backlog',0,120,1540898403);
INSERT INTO card_change_history VALUES(121,121,NULL,'backlog',0,121,1532446401);
INSERT INTO card_change_history VALUES(122,122,NULL,'backlog',0,122,1542248530);
INSERT INTO card_change_history VALUES(123,123,NULL,'backlog',0,123,1546785482);
INSERT INTO card_change_history VALUES(124,124,NULL,'backlog',0,124,1542757795);
INSERT INTO card_change_history VALUES(125,125,NULL,'backlog',0,125,1536110266);
INSERT INTO card_change_history VALUES(126,126,NULL,'backlog',0,126,1532528003);
INSERT INTO card_change_history VALUES(127,127,NULL,'backlog',0,127,1546104715);
INSERT INTO card_change_history VALUES(128,128,NULL,'backlog',0,128,1530264304);
INSERT INTO card_change_history VALUES(129,129,NULL,'backlog',0,129,1546140355);
INSERT INTO card_change_history VALUES(130,130,NULL,'backlog',0,130,1530753981);
INSERT INTO card_change_history VALUES(131,131,NULL,'backlog',0,131,1539989014);
INSERT INTO card_change_history VALUES(132,132,NULL,'backlog',0,132,1542693234);
INSERT INTO card_change_history VALUES(133,133,NULL,'backlog',0,133,1533688615);
INSERT INTO card_change_history VALUES(134,134,NULL,'backlog',0,134,1543347031);
INSERT INTO card_change_history VALUES(135,135,NULL,'backlog',0,135,1545959650);
INSERT INTO card_change_history VALUES(136,136,NULL,'backlog',0,136,1534454854);
INSERT INTO card_change_history VALUES(137,137,NULL,'backlog',0,137,1542939593);
INSERT INTO card_change_history VALUES(138,138,NULL,'backlog',0,138,1535095062);
INSERT INTO card_change_history VALUES(139,139,NULL,'backlog',0,139,1547200848);
INSERT INTO card_change_history VALUES(140,140,NULL,'backlog',0,140,1532848240);
INSERT INTO card_change_history VALUES(141,141,NULL,'backlog',0,141,1543048013);
INSERT INTO card_change_history VALUES(142,142,NULL,'backlog',0,142,1539835312);
INSERT INTO card_change_history VALUES(143,143,NULL,'backlog',0,143,1541357858);
INSERT INTO card_change_history VALUES(144,144,NULL,'backlog',0,144,1531728890);
INSERT INTO card_change_history VALUES(145,145,NULL,'backlog',0,145,1532398837);
INSERT INTO card_change_history VALUES(146,146,NULL,'backlog',0,146,1531545404);
INSERT INTO card_change_history VALUES(147,147,NULL,'backlog',0,147,1529303606);
INSERT INTO card_change_history VALUES(148,148,NULL,'backlog',0,148,1531637584);
INSERT INTO card_change_history VALUES(149,149,NULL,'backlog',0,149,1528324265);
INSERT INTO card_change_history VALUES(150,150,NULL,'backlog',0,150,1548578387);
INSERT INTO card_change_history VALUES(151,151,NULL,'backlog',0,151,1544178370);
INSERT INTO card_change_history VALUES(152,152,NULL,'backlog',0,152,1544873391);
INSERT INTO card_change_history VALUES(153,153,NULL,'backlog',0,153,1544290906);
INSERT INTO card_change_history VALUES(154,154,NULL,'backlog',0,154,1543665165);
INSERT INTO card_change_history VALUES(155,155,NULL,'backlog',0,155,1540699520);
INSERT INTO card_change_history VALUES(156,156,NULL,'backlog',0,156,1542630846);
INSERT INTO card_change_history VALUES(157,157,NULL,'backlog',0,157,1533160741);
INSERT INTO card_change_history VALUES(158,158,NULL,'backlog',0,158,1540987398);
INSERT INTO card_change_history VALUES(159,159,NULL,'backlog',0,159,1539836678);
INSERT INTO card_change_history VALUES(160,160,NULL,'backlog',0,160,1545186386);
INSERT INTO card_change_history VALUES(161,161,NULL,'backlog',0,161,1546226101);
INSERT INTO card_change_history VALUES(162,162,NULL,'backlog',0,162,1531705331);
INSERT INTO card_change_history VALUES(163,163,NULL,'backlog',0,163,1530789434);
INSERT INTO card_change_history VALUES(164,164,NULL,'backlog',0,164,1541312527);
INSERT INTO card_change_history VALUES(165,165,NULL,'backlog',0,165,1531092282);
INSERT INTO card_change_history VALUES(166,166,NULL,'backlog',0,166,1539088915);
INSERT INTO card_change_history VALUES(167,167,NULL,'backlog',0,167,1544362001);
INSERT INTO card_change_history VALUES(168,168,NULL,'backlog',0,168,1530502793);
INSERT INTO card_change_history VALUES(169,169,NULL,'backlog',0,169,1547233278);
INSERT INTO card_change_history VALUES(170,170,NULL,'backlog',0,170,1534077727);
INSERT INTO card_change_history VALUES(171,171,NULL,'backlog',0,171,1536239883);
INSERT INTO card_change_history VALUES(172,172,NULL,'backlog',0,172,1542164886);
INSERT INTO card_change_history VALUES(173,173,NULL,'backlog',0,173,1543742452);
INSERT INTO card_change_history VALUES(174,174,NULL,'backlog',0,174,1529835722);
INSERT INTO card_change_history VALUES(175,175,NULL,'backlog',0,175,1529675109);
INSERT INTO card_change_history VALUES(176,176,NULL,'backlog',0,176,1541683632);
INSERT INTO card_change_history VALUES(177,177,NULL,'backlog',0,177,1543928424);
INSERT INTO card_change_history VALUES(178,178,NULL,'backlog',0,178,1542837780);
INSERT INTO card_change_history VALUES(179,179,NULL,'backlog',0,179,1547619868);
INSERT INTO card_change_history VALUES(180,180,NULL,'backlog',0,180,1541660507);
INSERT INTO card_change_history VALUES(181,181,NULL,'backlog',0,181,1537810223);
INSERT INTO card_change_history VALUES(182,182,NULL,'backlog',0,182,1530240084);
INSERT INTO card_change_history VALUES(183,183,NULL,'backlog',0,183,1548751975);
INSERT INTO card_change_history VALUES(184,184,NULL,'backlog',0,184,1543293019);
INSERT INTO card_change_history VALUES(185,185,NULL,'backlog',0,185,1545049241);
INSERT INTO card_change_history VALUES(186,186,NULL,'backlog',0,186,1536406832);
INSERT INTO card_change_history VALUES(187,187,NULL,'backlog',0,187,1539592065);
INSERT INTO card_change_history VALUES(188,188,NULL,'backlog',0,188,1541214008);
INSERT INTO card_change_history VALUES(189,189,NULL,'backlog',0,189,1532903127);
INSERT INTO card_change_history VALUES(190,190,NULL,'backlog',0,190,1549035239);
INSERT INTO card_change_history VALUES(191,191,NULL,'backlog',0,191,1548000104);
INSERT INTO card_change_history VALUES(192,192,NULL,'backlog',0,192,1542209798);
INSERT INTO card_change_history VALUES(193,193,NULL,'backlog',0,193,1530566010);
INSERT INTO card_change_history VALUES(194,194,NULL,'backlog',0,194,1542545428);
INSERT INTO card_change_history VALUES(195,195,NULL,'backlog',0,195,1539729293);
INSERT INTO card_change_history VALUES(196,196,NULL,'backlog',0,196,1531396537);
INSERT INTO card_change_history VALUES(197,197,NULL,'backlog',0,197,1536372257);
INSERT INTO card_change_history VALUES(198,198,NULL,'backlog',0,198,1538841829);
INSERT INTO card_change_history VALUES(199,199,NULL,'backlog',0,199,1541597069);
INSERT INTO card_change_history VALUES(200,200,NULL,'backlog',0,200,1540281124);
INSERT INTO card_change_history VALUES(201,92,'backlog','in-progress',92,0,1548881039);
INSERT INTO card_change_history VALUES(202,182,'backlog','in-progress',182,1,1535660908);
INSERT INTO card_change_history VALUES(203,187,'backlog','in-progress',187,1,1540280181);
INSERT INTO card_change_history VALUES(204,180,'backlog','in-progress',180,0,1547317341);
INSERT INTO card_change_history VALUES(205,25,'backlog','in-progress',25,2,1548322040);
INSERT INTO card_change_history VALUES(206,21,'backlog','in-progress',21,5,1543090125);
INSERT INTO card_change_history VALUES(207,67,'backlog','in-progress',67,5,1547999582);
INSERT INTO card_change_history VALUES(208,81,'backlog','in-progress',81,0,1548900495);
INSERT INTO card_change_history VALUES(209,86,'backlog','in-progress',86,8,1547970026);
INSERT INTO card_change_history VALUES(210,22,'backlog','in-progress',22,2,1545671963);
INSERT INTO card_change_history VALUES(211,76,'backlog','in-progress',76,3,1545630848);
INSERT INTO card_change_history VALUES(212,133,'backlog','in-progress',133,7,1542132559);
INSERT INTO card_change_history VALUES(213,149,'backlog','in-progress',149,12,1537193599);
INSERT INTO card_change_history VALUES(214,176,'backlog','in-progress',176,7,1542183431);
INSERT INTO card_change_history VALUES(215,13,'backlog','in-progress',13,4,1542029644);
INSERT INTO card_change_history VALUES(216,180,'in-progress','complete',180,0,1548940749);
INSERT INTO card_change_history VALUES(217,111,'backlog','in-progress',111,0,1533808435);
INSERT INTO card_change_history VALUES(218,195,'backlog','in-progress',194,14,1543797744);
INSERT INTO card_change_history VALUES(219,43,'backlog','in-progress',43,6,1548917341);
INSERT INTO card_change_history VALUES(220,6,'backlog','in-progress',6,12,1539576230);
INSERT INTO card_change_history VALUES(221,80,'backlog','in-progress',80,4,1538110470);
INSERT INTO card_change_history VALUES(222,74,'backlog','in-progress',74,7,1543210628);
INSERT INTO card_change_history VALUES(223,74,'in-progress','complete',74,1,1546598514);
INSERT INTO card_change_history VALUES(224,104,'backlog','in-progress',103,0,1544117655);
INSERT INTO card_change_history VALUES(225,150,'backlog','in-progress',149,9,1548759084);
INSERT INTO card_change_history VALUES(226,143,'backlog','in-progress',142,7,1541862659);
INSERT INTO card_change_history VALUES(227,6,'in-progress','complete',6,2,1543637455);
INSERT INTO card_change_history VALUES(228,19,'backlog','in-progress',18,15,1538408091);
INSERT INTO card_change_history VALUES(229,196,'backlog','in-progress',193,13,1546502440);
INSERT INTO card_change_history VALUES(230,80,'in-progress','complete',78,1,1544860460);
INSERT INTO card_change_history VALUES(231,27,'backlog','in-progress',26,17,1543312156);
INSERT INTO card_change_history VALUES(232,170,'backlog','in-progress',167,6,1547084351);
INSERT INTO card_change_history VALUES(233,20,'backlog','in-progress',19,16,1543397411);
INSERT INTO card_change_history VALUES(234,105,'backlog','in-progress',102,14,1548779219);
INSERT INTO card_change_history VALUES(235,138,'backlog','in-progress',135,23,1544659021);
INSERT INTO card_change_history VALUES(236,99,'backlog','in-progress',96,9,1543389399);
INSERT INTO card_change_history VALUES(237,189,'backlog','in-progress',185,22,1542128032);
INSERT INTO card_change_history VALUES(238,30,'backlog','in-progress',29,3,1549005412);
INSERT INTO card_change_history VALUES(239,193,'backlog','in-progress',189,13,1542983986);
INSERT INTO card_change_history VALUES(240,189,'in-progress','complete',185,0,1543408879);
INSERT INTO card_change_history VALUES(241,109,'backlog','in-progress',106,11,1548450151);
INSERT INTO card_change_history VALUES(242,178,'backlog','in-progress',175,11,1544786569);
INSERT INTO card_change_history VALUES(243,90,'backlog','in-progress',87,19,1533993993);
INSERT INTO card_change_history VALUES(244,143,'in-progress','complete',140,0,1547476716);
INSERT INTO card_change_history VALUES(245,94,'backlog','in-progress',91,17,1543065348);
INSERT INTO card_change_history VALUES(246,194,'backlog','in-progress',188,7,1548437655);
INSERT INTO card_change_history VALUES(247,31,'backlog','in-progress',30,27,1546413502);
INSERT INTO card_change_history VALUES(248,150,'in-progress','complete',146,1,1548943749);
INSERT INTO card_change_history VALUES(249,103,'backlog','in-progress',100,25,1546652112);
INSERT INTO card_change_history VALUES(250,78,'backlog','in-progress',76,30,1548551492);
INSERT INTO card_change_history VALUES(251,163,'backlog','in-progress',158,25,1540176191);
INSERT INTO card_change_history VALUES(252,73,'backlog','in-progress',72,26,1539622310);
INSERT INTO card_change_history VALUES(253,175,'backlog','in-progress',170,33,1547044674);
INSERT INTO card_change_history VALUES(254,66,'backlog','in-progress',65,12,1532113178);
INSERT INTO card_change_history VALUES(255,141,'backlog','in-progress',138,18,1543679104);
INSERT INTO card_change_history VALUES(256,144,'backlog','in-progress',140,38,1545844846);
INSERT INTO card_change_history VALUES(257,168,'backlog','in-progress',163,11,1538763047);
INSERT INTO card_change_history VALUES(258,166,'backlog','in-progress',161,17,1547710388);
INSERT INTO card_change_history VALUES(259,3,'backlog','in-progress',3,15,1547239641);
INSERT INTO card_change_history VALUES(260,185,'backlog','in-progress',179,17,1546063279);
INSERT INTO card_change_history VALUES(261,141,'in-progress','complete',138,1,1544164643);
INSERT INTO card_change_history VALUES(262,38,'backlog','in-progress',37,19,1538367986);
INSERT INTO card_change_history VALUES(263,89,'backlog','in-progress',86,14,1546884918);
INSERT INTO card_change_history VALUES(264,102,'backlog','in-progress',99,19,1544550523);
INSERT INTO card_change_history VALUES(265,3,'in-progress','complete',3,0,1547472343);
INSERT INTO card_change_history VALUES(266,137,'backlog','in-progress',133,21,1546667000);
INSERT INTO card_change_history VALUES(267,109,'in-progress','complete',105,6,1548767202);
INSERT INTO card_change_history VALUES(268,187,'in-progress','complete',178,5,1548644909);
INSERT INTO card_change_history VALUES(269,165,'backlog','in-progress',157,44,1536666415);
INSERT INTO card_change_history VALUES(270,138,'in-progress','complete',133,1,1546211671);
INSERT INTO card_change_history VALUES(271,163,'in-progress','complete',154,12,1546403445);
INSERT INTO card_change_history VALUES(272,76,'in-progress','complete',73,4,1548788895);
INSERT INTO card_change_history VALUES(273,77,'backlog','in-progress',73,8,1547454918);
INSERT INTO card_change_history VALUES(274,79,'backlog','in-progress',75,11,1540491380);
INSERT INTO card_change_history VALUES(275,195,'in-progress','complete',181,7,1548220023);
INSERT INTO card_change_history VALUES(276,170,'in-progress','complete',159,11,1547677354);
INSERT INTO card_change_history VALUES(277,187,'complete','in-progress',146,9,1548733196);
INSERT INTO card_change_history VALUES(278,96,'backlog','in-progress',91,29,1546094515);
INSERT INTO card_change_history VALUES(279,173,'backlog','in-progress',161,6,1544376720);
INSERT INTO card_change_history VALUES(280,168,'in-progress','complete',157,5,1543054314);
INSERT INTO card_change_history VALUES(281,45,'backlog','in-progress',43,21,1532203407);
INSERT INTO card_change_history VALUES(282,192,'backlog','in-progress',177,39,1545785941);
INSERT INTO card_change_history VALUES(283,111,'in-progress','complete',105,9,1535967126);
INSERT INTO card_change_history VALUES(284,114,'backlog','in-progress',107,4,1547625997);
INSERT INTO card_change_history VALUES(285,176,'in-progress','complete',162,12,1548800780);
INSERT INTO card_change_history VALUES(286,130,'backlog','in-progress',123,2,1535488573);
INSERT INTO card_change_history VALUES(287,123,'backlog','in-progress',116,4,1548447742);
INSERT INTO card_change_history VALUES(288,190,'backlog','in-progress',173,48,1549052044);
INSERT INTO card_change_history VALUES(289,200,'backlog','in-progress',182,13,1541616762);
INSERT INTO card_change_history VALUES(290,51,'backlog','in-progress',49,20,1542230251);
INSERT INTO card_change_history VALUES(291,142,'backlog','in-progress',133,39,1547167811);
INSERT INTO card_change_history VALUES(292,164,'backlog','in-progress',152,20,1543468882);
INSERT INTO card_change_history VALUES(293,38,'in-progress','complete',36,7,1548601407);
INSERT INTO card_change_history VALUES(294,118,'backlog','in-progress',110,23,1545140975);
INSERT INTO card_change_history VALUES(295,89,'in-progress','complete',83,9,1548858419);
INSERT INTO card_change_history VALUES(296,158,'backlog','in-progress',145,49,1542445917);
INSERT INTO card_change_history VALUES(297,160,'backlog','in-progress',147,20,1545287323);
INSERT INTO card_change_history VALUES(298,62,'backlog','in-progress',59,15,1546528072);
INSERT INTO card_change_history VALUES(299,53,'backlog','in-progress',50,14,1535075688);
INSERT INTO card_change_history VALUES(300,91,'backlog','in-progress',84,49,1548929429);
INSERT INTO card_change_history VALUES(301,37,'backlog','in-progress',35,27,1546108880);
INSERT INTO card_change_history VALUES(302,174,'backlog','in-progress',158,17,1540821614);
INSERT INTO card_change_history VALUES(303,166,'in-progress','complete',152,9,1548659910);
INSERT INTO card_change_history VALUES(304,36,'backlog','in-progress',34,26,1539670635);
INSERT INTO card_change_history VALUES(305,137,'in-progress','backlog',128,102,1548377688);
INSERT INTO card_change_history VALUES(306,200,'in-progress','backlog',179,116,1543386110);
INSERT INTO card_change_history VALUES(307,73,'in-progress','complete',70,5,1546982434);
INSERT INTO card_change_history VALUES(308,128,'backlog','in-progress',118,40,1531090081);
INSERT INTO card_change_history VALUES(309,83,'backlog','in-progress',76,25,1530937465);
INSERT INTO card_change_history VALUES(310,118,'in-progress','complete',108,4,1545570586);
INSERT INTO card_change_history VALUES(311,158,'in-progress','complete',143,16,1543536710);
INSERT INTO card_change_history VALUES(312,50,'backlog','in-progress',47,26,1548264615);
INSERT INTO card_change_history VALUES(313,35,'backlog','in-progress',33,22,1536327281);
INSERT INTO card_change_history VALUES(314,102,'in-progress','complete',94,12,1547868328);
INSERT INTO card_change_history VALUES(315,61,'backlog','in-progress',58,41,1547385082);
INSERT INTO card_change_history VALUES(316,119,'backlog','in-progress',107,55,1542098185);
INSERT INTO card_change_history VALUES(317,67,'in-progress','complete',64,16,1548683378);
INSERT INTO card_change_history VALUES(318,181,'backlog','in-progress',157,33,1543378918);
INSERT INTO card_change_history VALUES(319,169,'backlog','in-progress',148,4,1548821225);
INSERT INTO card_change_history VALUES(320,121,'backlog','in-progress',108,41,1533447017);
INSERT INTO card_change_history VALUES(321,119,'in-progress','complete',106,11,1549039779);
INSERT INTO card_change_history VALUES(322,50,'in-progress','complete',47,7,1548407774);
INSERT INTO card_change_history VALUES(323,186,'backlog','in-progress',160,35,1542445851);
INSERT INTO card_change_history VALUES(324,120,'backlog','in-progress',105,37,1542151541);
INSERT INTO card_change_history VALUES(325,152,'backlog','in-progress',133,4,1547533573);
INSERT INTO card_change_history VALUES(326,136,'backlog','in-progress',121,18,1539214312);
INSERT INTO card_change_history VALUES(327,115,'backlog','in-progress',102,19,1548328155);
INSERT INTO card_change_history VALUES(328,22,'in-progress','backlog',20,33,1547197731);
INSERT INTO card_change_history VALUES(329,94,'in-progress','complete',84,0,1547182915);
INSERT INTO card_change_history VALUES(330,103,'in-progress','complete',91,12,1548130703);
INSERT INTO card_change_history VALUES(331,96,'in-progress','complete',85,1,1547719886);
INSERT INTO card_change_history VALUES(332,21,'in-progress','complete',19,1,1546373051);
INSERT INTO card_change_history VALUES(333,114,'in-progress','complete',97,27,1547797858);
INSERT INTO card_change_history VALUES(334,57,'backlog','in-progress',52,19,1545810597);
INSERT INTO card_change_history VALUES(335,157,'backlog','in-progress',133,6,1547413412);
INSERT INTO card_change_history VALUES(336,81,'in-progress','complete',71,8,1548945927);
INSERT INTO card_change_history VALUES(337,37,'in-progress','complete',34,6,1548038138);
INSERT INTO card_change_history VALUES(338,49,'backlog','in-progress',44,53,1545990040);
INSERT INTO card_change_history VALUES(339,69,'backlog','in-progress',62,58,1545893124);
INSERT INTO card_change_history VALUES(340,187,'in-progress','backlog',154,35,1548759832);
INSERT INTO card_change_history VALUES(341,159,'backlog','in-progress',132,40,1546573185);
INSERT INTO card_change_history VALUES(342,53,'in-progress','complete',47,22,1542726393);
INSERT INTO card_change_history VALUES(343,126,'backlog','in-progress',103,4,1541360146);
INSERT INTO card_change_history VALUES(344,137,'backlog','in-progress',114,25,1548817675);
INSERT INTO card_change_history VALUES(345,19,'in-progress','complete',17,36,1543453507);
INSERT INTO card_change_history VALUES(346,66,'in-progress','complete',58,2,1541892222);
INSERT INTO card_change_history VALUES(347,177,'backlog','in-progress',142,24,1544495279);
INSERT INTO card_change_history VALUES(348,71,'backlog','in-progress',61,39,1545825740);
INSERT INTO card_change_history VALUES(349,5,'backlog','in-progress',4,30,1545626917);
INSERT INTO card_change_history VALUES(350,68,'backlog','in-progress',58,38,1547379607);
INSERT INTO card_change_history VALUES(351,192,'in-progress','complete',155,4,1546764184);
INSERT INTO card_change_history VALUES(352,128,'in-progress','complete',103,25,1542837932);
INSERT INTO card_change_history VALUES(353,120,'in-progress','complete',95,17,1542988061);
INSERT INTO card_change_history VALUES(354,75,'backlog','in-progress',63,49,1547801828);
INSERT INTO card_change_history VALUES(355,130,'in-progress','complete',103,39,1540428790);
INSERT INTO card_change_history VALUES(356,24,'backlog','in-progress',20,32,1530159802);
INSERT INTO card_change_history VALUES(357,69,'in-progress','complete',59,21,1547188589);
INSERT INTO card_change_history VALUES(358,79,'in-progress','complete',65,1,1546283623);
INSERT INTO card_change_history VALUES(359,5,'in-progress','complete',4,5,1547020802);
INSERT INTO card_change_history VALUES(360,185,'in-progress','complete',143,28,1547677268);
INSERT INTO card_change_history VALUES(361,95,'backlog','in-progress',75,25,1547996135);
INSERT INTO card_change_history VALUES(362,14,'backlog','in-progress',11,38,1544897494);
INSERT INTO card_change_history VALUES(363,17,'backlog','in-progress',14,22,1546349175);
INSERT INTO card_change_history VALUES(364,106,'backlog','in-progress',83,39,1536763133);
INSERT INTO card_change_history VALUES(365,174,'in-progress','complete',134,30,1541479350);
INSERT INTO card_change_history VALUES(366,106,'in-progress','complete',83,9,1547703669);
INSERT INTO card_change_history VALUES(367,82,'backlog','in-progress',64,19,1545766987);
INSERT INTO card_change_history VALUES(368,24,'in-progress','complete',19,30,1544444352);
INSERT INTO card_change_history VALUES(369,56,'backlog','in-progress',46,46,1546470637);
INSERT INTO card_change_history VALUES(370,196,'in-progress','complete',147,36,1547349478);
INSERT INTO card_change_history VALUES(371,29,'backlog','in-progress',23,12,1549020773);
INSERT INTO card_change_history VALUES(372,164,'in-progress','backlog',125,74,1545588075);
INSERT INTO card_change_history VALUES(373,29,'in-progress','complete',23,14,1549040499);
INSERT INTO card_change_history VALUES(374,159,'in-progress','complete',120,22,1548093543);
INSERT INTO card_change_history VALUES(375,71,'in-progress','complete',57,20,1546351146);
INSERT INTO card_change_history VALUES(376,61,'in-progress','complete',50,27,1547574936);
INSERT INTO card_change_history VALUES(377,191,'backlog','in-progress',140,10,1548394572);
INSERT INTO card_change_history VALUES(378,46,'backlog','in-progress',37,10,1540699446);
INSERT INTO card_change_history VALUES(379,189,'complete','in-progress',135,4,1547161624);
INSERT INTO card_change_history VALUES(380,90,'in-progress','complete',67,53,1538186494);
INSERT INTO card_change_history VALUES(381,112,'backlog','in-progress',81,20,1547430243);
INSERT INTO card_change_history VALUES(382,23,'backlog','in-progress',18,33,1542117909);
INSERT INTO card_change_history VALUES(383,40,'backlog','in-progress',31,39,1546720907);
INSERT INTO card_change_history VALUES(384,169,'in-progress','complete',123,29,1548935659);
INSERT INTO card_change_history VALUES(385,56,'in-progress','complete',45,25,1549028038);
INSERT INTO card_change_history VALUES(386,173,'in-progress','complete',124,23,1547804739);
INSERT INTO card_change_history VALUES(387,59,'backlog','in-progress',47,38,1541377000);
INSERT INTO card_change_history VALUES(388,190,'in-progress','complete',136,48,1549059701);
INSERT INTO card_change_history VALUES(389,75,'in-progress','complete',56,13,1548287833);
INSERT INTO card_change_history VALUES(390,199,'backlog','in-progress',140,17,1546699056);
INSERT INTO card_change_history VALUES(391,55,'backlog','in-progress',44,31,1533179121);
INSERT INTO card_change_history VALUES(392,175,'in-progress','complete',123,8,1548357924);
INSERT INTO card_change_history VALUES(393,139,'backlog','in-progress',99,52,1548527069);
INSERT INTO card_change_history VALUES(394,92,'in-progress','complete',66,13,1548920282);
INSERT INTO card_change_history VALUES(395,152,'in-progress','backlog',108,31,1548748297);
INSERT INTO card_change_history VALUES(396,83,'in-progress','complete',59,30,1542896370);
INSERT INTO card_change_history VALUES(397,95,'in-progress','complete',66,19,1548854544);
INSERT INTO card_change_history VALUES(398,127,'backlog','in-progress',87,13,1547960921);
INSERT INTO card_change_history VALUES(399,179,'backlog','in-progress',122,22,1548383356);
INSERT INTO card_change_history VALUES(400,7,'backlog','in-progress',4,32,1546365267);
INSERT INTO card_change_history VALUES(401,101,'backlog','in-progress',70,11,1541978090);
INSERT INTO card_change_history VALUES(402,198,'backlog','in-progress',135,20,1546409414);
INSERT INTO card_change_history VALUES(403,7,'in-progress','complete',4,13,1547809400);
INSERT INTO card_change_history VALUES(404,147,'backlog','in-progress',101,7,1548614427);
INSERT INTO card_change_history VALUES(405,28,'backlog','in-progress',21,43,1539755489);
INSERT INTO card_change_history VALUES(406,148,'backlog','in-progress',102,59,1547393362);
INSERT INTO card_change_history VALUES(407,108,'backlog','in-progress',73,54,1547840813);
INSERT INTO card_change_history VALUES(408,12,'backlog','in-progress',8,21,1548134235);
INSERT INTO card_change_history VALUES(409,42,'backlog','in-progress',32,3,1548657306);
INSERT INTO card_change_history VALUES(410,85,'backlog','in-progress',59,47,1544113005);
INSERT INTO card_change_history VALUES(411,200,'backlog','in-progress',136,66,1548774681);
INSERT INTO card_change_history VALUES(412,142,'in-progress','complete',97,30,1548485226);
INSERT INTO card_change_history VALUES(413,43,'in-progress','complete',33,65,1549029635);
INSERT INTO card_change_history VALUES(414,151,'backlog','in-progress',102,4,1546540352);
INSERT INTO card_change_history VALUES(415,198,'in-progress','complete',132,0,1546825846);
INSERT INTO card_change_history VALUES(416,33,'backlog','in-progress',25,4,1548696177);
INSERT INTO card_change_history VALUES(417,34,'backlog','in-progress',26,4,1545490985);
INSERT INTO card_change_history VALUES(418,125,'backlog','in-progress',83,21,1536112278);
INSERT INTO card_change_history VALUES(419,145,'backlog','in-progress',97,50,1548554394);
INSERT INTO card_change_history VALUES(420,199,'in-progress','backlog',132,30,1548885885);
INSERT INTO card_change_history VALUES(421,9,'backlog','in-progress',5,67,1537700259);
INSERT INTO card_change_history VALUES(422,161,'backlog','in-progress',110,3,1547720566);
INSERT INTO card_change_history VALUES(423,113,'backlog','in-progress',75,58,1548613751);
INSERT INTO card_change_history VALUES(424,124,'backlog','in-progress',82,1,1546104273);
INSERT INTO card_change_history VALUES(425,105,'in-progress','complete',70,54,1548929253);
INSERT INTO card_change_history VALUES(426,78,'in-progress','complete',55,62,1548860361);
INSERT INTO card_change_history VALUES(427,13,'in-progress','complete',9,0,1547232792);
INSERT INTO card_change_history VALUES(428,51,'in-progress','complete',38,54,1548169756);
INSERT INTO card_change_history VALUES(429,113,'in-progress','complete',71,53,1548921179);
INSERT INTO card_change_history VALUES(430,101,'in-progress','complete',65,8,1547304444);
INSERT INTO card_change_history VALUES(431,147,'in-progress','complete',93,64,1548918945);
INSERT INTO card_change_history VALUES(432,100,'backlog','in-progress',64,58,1545643441);
INSERT INTO card_change_history VALUES(433,55,'in-progress','complete',40,30,1540249853);
INSERT INTO card_change_history VALUES(434,14,'in-progress','complete',9,18,1545924469);
INSERT INTO card_change_history VALUES(435,146,'backlog','in-progress',90,4,1547390495);
INSERT INTO card_change_history VALUES(436,183,'backlog','in-progress',113,19,1548903278);
INSERT INTO card_change_history VALUES(437,26,'backlog','in-progress',17,35,1541978448);
INSERT INTO card_change_history VALUES(438,34,'in-progress','complete',24,20,1547627078);
INSERT INTO card_change_history VALUES(439,40,'in-progress','backlog',27,10,1548958355);
INSERT INTO card_change_history VALUES(440,16,'backlog','in-progress',10,3,1546078224);
INSERT INTO card_change_history VALUES(441,161,'in-progress','complete',100,8,1548001318);
INSERT INTO card_change_history VALUES(442,2,'backlog','in-progress',2,56,1548472701);
INSERT INTO card_change_history VALUES(443,156,'backlog','in-progress',97,49,1546089952);
INSERT INTO card_change_history VALUES(444,86,'in-progress','complete',53,13,1548972291);
INSERT INTO card_change_history VALUES(445,147,'complete','in-progress',100,43,1549050197);
INSERT INTO card_change_history VALUES(446,108,'in-progress','complete',63,4,1547914338);
INSERT INTO card_change_history VALUES(447,42,'in-progress','backlog',29,24,1548910280);
INSERT INTO card_change_history VALUES(448,129,'backlog','in-progress',75,19,1547359996);
INSERT INTO card_change_history VALUES(449,12,'in-progress','complete',8,40,1548207344);
INSERT INTO card_change_history VALUES(450,157,'in-progress','complete',96,23,1548605512);
INSERT INTO card_change_history VALUES(451,27,'in-progress','complete',17,6,1544563852);
INSERT INTO card_change_history VALUES(452,22,'backlog','in-progress',13,44,1547353424);
INSERT INTO card_change_history VALUES(453,46,'in-progress','complete',30,69,1545223070);
INSERT INTO card_change_history VALUES(454,137,'in-progress','complete',79,77,1548997311);
INSERT INTO card_change_history VALUES(455,187,'backlog','in-progress',108,23,1548789574);
INSERT INTO card_change_history VALUES(456,143,'complete','in-progress',103,63,1548305034);
INSERT INTO card_change_history VALUES(457,149,'in-progress','complete',87,24,1546988412);
INSERT INTO card_change_history VALUES(458,107,'backlog','in-progress',59,60,1545160010);
INSERT INTO card_change_history VALUES(459,181,'in-progress','complete',103,65,1548743238);
INSERT INTO card_change_history VALUES(460,148,'in-progress','complete',86,27,1548189088);
INSERT INTO card_change_history VALUES(461,30,'in-progress','complete',18,57,1549063095);
INSERT INTO card_change_history VALUES(462,33,'in-progress','complete',20,7,1548807435);
INSERT INTO card_change_history VALUES(463,59,'in-progress','complete',35,32,1548685028);
INSERT INTO card_change_history VALUES(464,11,'backlog','in-progress',7,55,1535054622);
INSERT INTO card_change_history VALUES(465,178,'in-progress','complete',97,40,1547021079);
INSERT INTO card_change_history VALUES(466,54,'backlog','in-progress',32,55,1541902430);
INSERT INTO card_change_history VALUES(467,9,'in-progress','complete',5,46,1545359369);
INSERT INTO card_change_history VALUES(468,191,'in-progress','complete',104,42,1548686632);
INSERT INTO card_change_history VALUES(469,132,'backlog','in-progress',70,10,1546388554);
INSERT INTO card_change_history VALUES(470,65,'backlog','in-progress',38,43,1547405825);
INSERT INTO card_change_history VALUES(471,49,'in-progress','complete',29,75,1547935874);
INSERT INTO card_change_history VALUES(472,133,'in-progress','complete',70,31,1546907010);
INSERT INTO card_change_history VALUES(473,189,'in-progress','complete',101,64,1548314473);
INSERT INTO card_change_history VALUES(474,2,'in-progress','backlog',2,2,1548947227);
INSERT INTO card_change_history VALUES(475,18,'backlog','in-progress',10,34,1532535519);
INSERT INTO card_change_history VALUES(476,147,'in-progress','backlog',79,3,1549055698);
INSERT INTO card_change_history VALUES(477,18,'in-progress','complete',10,8,1537080200);
INSERT INTO card_change_history VALUES(478,116,'backlog','in-progress',57,26,1543575468);
INSERT INTO card_change_history VALUES(479,152,'backlog','in-progress',80,41,1548939952);
INSERT INTO card_change_history VALUES(480,25,'in-progress','complete',13,3,1548648576);
INSERT INTO card_change_history VALUES(481,130,'complete','in-progress',95,23,1543568815);
INSERT INTO card_change_history VALUES(482,143,'in-progress','complete',74,93,1548399582);
INSERT INTO card_change_history VALUES(483,98,'backlog','in-progress',48,24,1544164392);
INSERT INTO card_change_history VALUES(484,60,'backlog','in-progress',31,44,1544952588);
INSERT INTO card_change_history VALUES(485,28,'in-progress','complete',14,51,1544823283);
INSERT INTO card_change_history VALUES(486,171,'backlog','in-progress',88,55,1543730554);
